ESTABLECIMIENTO,INSTITUCION,LICENCIA,LICENCIA_FECHA_EXPEDICION,ENTIDAD_FEDERATIVA,CODIGO_ENTIDAD_FEDERATIVA,PROCURACION,TRASPLANTE_AMNIOS,TRASPLANTE_CARA,TRASPLANTE_CELULAS_PANCREATICAS,TRASPLANTE_CORAZON,TRASPLANTE_CORNEA,TRASPLANTE_EXTREMIDADES,TRASPLANTE_HUESO,TRASPLANTE_INTESTINO,TRASPLANTE_MANO,TRASPLANTE_PANCREAS,TRASPLANTE_PARATIROIDES,TRASPLANTE_PIEL,TRASPLANTE_PULMON,TRASPLANTE_RIÑON,TRASPLANTE_VALVULAS,BANCO_AMNIOS,BANCO_CORNEA,BANCO_HUESO,BANCO_PIEL
"INSTITUTO NACIONAL DE CIENCIAS MEDICAS Y NUTRICION ""SALVADOR ZUBIRAN""",SSA,14 TR 09 012 0007,2014-06-26,CIUDAD DE MEXICO,09,1,0,1,0,0,0,1,0,0,0,1,0,0,0,1,0,0,0,0,0
"INSTITUTO NACIONAL DE CARDIOLOGIA "" IGNACIO CHAVEZ""",SSA,14 TR 09 012 0007,2014-04-02,CIUDAD DE MEXICO,09,0,0,0,0,1,0,0,0,0,0,0,0,0,0,1,0,0,0,0,0
INSTITUTO NACIONAL DE PEDIATRIA,SSA,09 TR 09 003 021,2009-06-19,CIUDAD DE MEXICO,09,1,0,0,0,0,1,0,1,0,0,0,0,0,0,1,0,0,1,0,0
INSTITUTO NACIONAL DE ENFERMEDADES RESPIRATORIAS ISMAEL COSIO VILLEGAS,SSA,13TR 09 012 0004,1998-04-20,CIUDAD DE MEXICO,09,1,0,0,0,0,0,0,0,0,0,0,0,0,1,0,0,0,0,0,0
"HOSPITAL INFANTIL DE MEXICO "" FEDERICO GOMEZ""",SSA,14 TR 09 015 0004,2014-06-26,CIUDAD DE MEXICO,09,1,0,0,0,1,1,0,0,0,0,0,0,0,0,1,1,0,1,0,0
UMAE HOSPITAL DE CARDIOLOGIA DEL CENTRO MEDICO NACIONAL SIGLO XXI,IMSS,06 T 09 006 0124,2009-11-27,CIUDAD DE MEXICO,09,1,0,0,0,1,0,0,0,0,0,0,0,0,1,0,0,0,0,0,0
U.M.A.E. HOSPITALES DE ESPECIALIDADES DEL CENTRO MEDICO NACIONAL,IMSS,06T090060074,2006-02-10,CIUDAD DE MEXICO,09,1,0,0,0,1,1,0,0,1,0,1,0,0,0,1,0,0,0,0,0
"U. M. A. E. HOSPITAL DE ESPECIALIDADES ""DR. ANTONIO FRAGA MOURET"" DEL CENTRO MEDICO NACIONAL LA RAZA",IMSS,05 T 09 002 0064,2008-02-20,CIUDAD DE MEXICO,09,1,0,0,0,1,1,0,0,0,0,1,0,0,0,1,0,0,0,0,0
UNIDAD MEDICA DE ALTA ESPECIALIDAD DOCTOR GAUDENCIO GONZALEZ GARZA CENTRO MEDICO NACIONAL LA RAZA,IMSS,14 TR 09 002 0002,2014-06-24,CIUDAD DE MEXICO,09,1,0,0,0,1,1,0,0,0,0,0,0,0,0,1,0,0,0,0,0
"CENTRO MEDICO NACIONAL ""20 DE NOVIEMBRE""",ISSSTE,05 T 09 003 0034,2008-02-27,CIUDAD DE MEXICO,09,1,0,0,0,1,1,0,0,0,1,0,0,0,0,1,0,0,0,0,0
"HOSPITAL REGIONAL ""1o DE OCTUBRE""",ISSSTE,10TR09005021,2010-12-06,CIUDAD DE MEXICO,09,1,0,0,0,0,0,0,0,0,0,0,0,0,0,1,0,0,0,0,0
HOSPITAL CENTRAL NORTE DE CONCENTRACION PETROLEOS MEXICANOS,PEMEX,07 T R 09 002 054,2007-09-20,CIUDAD DE MEXICO,09,1,0,0,0,0,0,0,0,0,0,0,0,0,0,0,0,0,0,0,0
HOSPITAL CENTRAL SUR DE ALTA ESPECIALIDAD,PEMEX,06 T 09 0140 111,2008-09-23,CIUDAD DE MEXICO,09,1,0,0,0,1,1,0,1,0,0,0,0,0,0,1,0,0,0,0,0
OPERADORA DE HOSPITALES ANGELES S.A DE C.V.,PRIVADO(OHA),14 TR 09 008 0001,2014-04-29,CIUDAD DE MEXICO,09,1,0,0,0,1,1,0,0,0,0,0,0,0,1,1,0,0,0,0,0
"THE AMERICAN BRITISH COWDRAY MEDICAL CENTER, I.A.P.",PRIVADO,16 TR 09 010 0002,2016-01-27,CIUDAD DE MEXICO,09,1,0,0,0,1,1,0,1,0,0,0,0,0,0,1,0,0,0,0,0
SOCIEDAD DE LA BENEFICENCIA ESPAÑOLA I.A.P.,PRIVADO,07 T 09 011 0026,2007-05-31,CIUDAD DE MEXICO,09,1,0,0,0,0,1,0,0,0,0,0,0,0,0,1,0,0,0,0,0
OHA Sucursal Hospital Ángeles Mocel,PRIVADO(OHA),07 T 09 011 0010,2007-01-23,CIUDAD DE MEXICO,09,1,0,0,0,0,1,0,0,0,0,0,0,0,0,1,0,0,0,0,0
OHA Hospital Ángeles ( Clínica Londres),PRIVADO(OHA),07 T 09 006 0007,2008-07-21,CIUDAD DE MEXICO,09,1,0,0,0,1,0,0,0,0,0,0,0,0,0,1,0,0,0,0,0
NUEVO SANATORIO DURANGO S.A. DE C.V.,PRIVADO,1006028587,1998-01-14,CIUDAD DE MEXICO,09,1,0,0,0,0,1,0,0,0,0,0,0,0,0,1,0,0,0,0,0
OPERADORA DE HOSPITALES ÁNGELES S. A. de C. V.,PRIVADO(OHA),07 T 09 006 0012,2007-03-06,CIUDAD DE MEXICO,09,1,0,0,0,0,1,0,0,0,0,0,0,0,0,1,0,0,0,0,0
U.M.A.E. HOSPITAL DE ESPECIALIDADES NO. 71,IMSS,07 T 05 035 0028,2007-10-09,COAHUILA,05,1,0,0,0,1,1,0,0,1,0,1,1,0,0,1,0,0,0,0,0
HOSPITAL DE ESPECIALIDADES NO. 1 DEL CENTRO MEDICO NACIONAL DEL BAJIO,IMSS,09 TR 11 020 036,2011-12-12,GUANAJUATO,11,1,0,0,0,1,1,0,0,0,0,0,0,0,0,1,0,0,0,0,0
OHA Sucursal Hospital Ángeles del Carmen,PRIVADO(OHA),07 T 14 039 0011,2008-09-03,JALISCO,14,1,0,0,0,1,1,0,1,0,0,1,0,1,0,1,0,0,0,0,0
HOSPITAL DE ESPECIALIDADES C.M.N. DE OCCIDENTE,IMSS,1039000205,1998-04-01,JALISCO,14,1,0,0,0,1,1,0,0,0,0,1,0,0,0,1,0,0,1,0,0
U.M.A.E. HOSPITAL DE ESPECIALIDADES No. 25 ,IMSS,09 TR 19 039 039,2009-11-03,NUEVO LEÓN,19,1,0,0,0,0,1,0,0,0,0,1,0,0,0,1,0,0,0,0,0
CHRISTUS MUGUERZA HOSPITAL ALTA ESPECIALIDAD,PRIVADO,14 TR 19 039 0005,2014-03-21,NUEVO LEÓN,19,1,0,0,0,1,1,0,1,0,0,1,0,0,1,1,0,0,0,0,0
"HOSPITAL UNIVERSITARIO ""DR. JOSE E. GONZALEZ""",PRIVADO,1046000020,1999-05-27,NUEVO LEÓN,19,1,0,0,0,0,1,0,1,0,0,1,0,0,1,1,0,0,0,0,0
"FUNDACION SANTOS Y DE LA GARZA EVIA, I.B.P. (HSJ TEC DE MTY)",PRIVADO,08 TR 19 039 055,2008-12-10,NUEVO LEÓN,19,1,0,0,0,1,1,0,1,0,0,0,0,0,0,1,0,0,0,0,0
"U.M.A.E. HOSPITAL DE ESPECIALIDADES C.M.N. GRAL. DE DIV. ""MANUEL AVILA CAMACHO""",IMSS,08 TR 21 114 026,2008-05-19,PUEBLA,21,1,0,0,0,1,1,0,0,0,0,0,0,0,0,1,0,0,0,0,0
HOSPITAL DE ESPECIALIDADES,SERVICIOS DE SALUD DEL ESTADO,1114000321,1999-02-11,PUEBLA,21,1,0,0,0,0,1,0,0,0,0,0,0,0,0,1,0,0,0,0,0
OHA  HOSPITAL DEL CENTRO MEDICO DEL POTOSI,PRIVADO(OHA),1028000127,1999-09-01,SAN LUIS POTOSÍ,24,1,0,0,0,0,1,0,0,0,0,0,0,0,0,1,0,0,0,0,0
"HOSPITAL GENERAL DEL ESTADO ""DR. ERNESTO RAMOS BOURS""",SERVICIOS DE SALUD DEL ESTADO,06T260300131,2006-10-31,SONORA,26,1,0,0,0,0,1,0,1,0,0,0,0,0,0,1,0,0,0,0,0
CENTRO MEDICO DEL NOROESTE S.A. DE C.V.,PRIVADO,1030000027,1999-03-10,SONORA,26,1,0,0,0,0,0,0,0,0,0,0,0,0,0,1,0,0,0,0,0
HOSPITAL DE BENEFICENCIA ESPAÑOLA,PRIVADO,1038000068,1999-06-07,TAMAULIPAS,28,0,0,0,0,0,0,0,0,0,0,0,0,0,0,1,0,0,0,0,0
HOSPITAL MEXICO AMERICANO S.C.,PRIVADO,1039000210,1999-04-19,JALISCO,14,1,0,0,0,0,1,0,0,0,0,0,0,0,0,1,0,0,0,0,0
HOSPITAL DE LA SOCIEDAD ESPAÑOLA DE BENEFICENCIA (PUEBLA),PRIVADO,1114000322,1999-09-27,PUEBLA,21,1,0,0,0,0,1,0,0,0,0,0,0,0,0,1,0,0,0,0,0
CRUZ ROJA MEXICANA DELEG PUEBLA,PRIVADO,1114000320,1999-07-16,PUEBLA,21,1,0,0,0,0,0,0,0,0,0,0,0,0,0,0,0,0,1,0,0
UNIDAD OFTALMOLOGICA DEL VALLE S.C.,PRIVADO,1003013500,1997-11-14,CIUDAD DE MEXICO,09,0,0,0,0,0,1,0,0,0,0,0,0,0,0,0,0,0,0,0,0
BANCO DE ORGANOS Y TEJIDOS (CRUZ ROJA MEXICANA DISTRITO FEDERAL),PRIVADO,11TR09016028,2011-09-30,CIUDAD DE MEXICO,09,1,0,0,0,0,0,0,0,0,0,0,0,0,0,0,0,0,0,0,0
HOSPITAL GENERAL DE TIJUANA,SERVICIOS DE SALUD DEL ESTADO,07 TR 02 004 059,2007-10-23,BAJA CALIFORNIA,02,1,0,0,0,0,1,0,0,0,0,0,0,0,0,1,0,0,0,0,0
FUNDACION DE ASISTENCIA PRIVADA CONDE DE VALENCIANA I.A.P,PRIVADO,14 TR 09 015 0006,2014-08-22,CIUDAD DE MEXICO,09,0,0,0,0,0,1,0,0,0,0,0,0,0,0,0,0,0,1,0,0
HOSPITAL PARA EL NIÑO,SERVICIOS DE SALUD DEL ESTADO,08 TR 15 10 60 04,2008-01-31,MÉXICO,15,1,0,0,0,0,1,0,0,0,0,0,0,0,0,1,0,0,0,0,0
ASOCIACION PARA EVITAR LA CEGUERA EN MEXICO I.A.P.,PRIVADO,08 TR 09 003 041,2008-10-03,CIUDAD DE MEXICO,09,1,0,0,0,0,1,0,0,0,0,0,0,0,0,0,0,0,1,0,0
CORPORATIVO HOSPITAL SATELITE S.A. DE C.V.,PRIVADO,16 TR 15 057 0003,2016-04-27,MÉXICO,15,1,0,0,0,0,1,0,0,0,0,0,0,0,0,1,0,0,0,0,0
FUNDACION HOSPITAL NUESTRA SEÑORA DE LA LUZ I.A.P.,PRIVADO,06 T 09 006 0136,2006-12-06,CIUDAD DE MEXICO,09,0,0,0,0,0,1,0,0,0,0,0,0,0,0,0,0,0,0,0,0
HOSPITAL GENERAL DE MEXICO DR. EDUARDO LICEAGA,SSA,15 TR 09 015 0001,2015-05-04,CIUDAD DE MEXICO,09,1,0,0,0,0,1,0,0,0,0,1,0,0,0,1,0,0,0,0,0
HOSPITAL JUAREZ DE MEXICO ORGANISMO PUBLICO DESCENTRALIZADO,SSA,06T090070125,2006-10-10,CIUDAD DE MEXICO,09,1,0,0,0,0,1,0,0,0,0,0,0,0,0,1,0,0,1,0,0
HOSPITAL INFANTIL DE TAMAULIPAS,SERVICIOS DE SALUD DEL ESTADO,08 TR 28 041 049,2008-10-31,TAMAULIPAS,28,1,0,0,0,0,1,0,0,0,0,0,0,0,0,1,0,0,0,0,0
"HOSPITAL GENERAL ""XOCO""",SERVICIOS DE SALUD DEL ESTADO,08 TR 09 014 020,2008-12-01,CIUDAD DE MEXICO,09,1,0,0,0,0,1,0,0,0,0,0,0,0,0,1,0,0,0,0,0
HOSPITAL GENERAL REGIONAL DE LEON,SERVICIOS DE SALUD DEL ESTADO,1020000040,1998-07-09,GUANAJUATO,11,1,0,0,0,0,1,0,0,0,0,0,0,0,0,1,0,0,0,0,0
"SANATORIO OFTALMOLOGICO MERIDA, S.A. DE C.V.",PRIVADO,05T090060061,2005-09-12,CIUDAD DE MEXICO,09,0,0,0,0,0,1,0,0,0,0,0,0,0,0,0,0,0,0,0,0
CENTRO OFTALMOLOGICO PROVISION S.A. DE C.V.,PRIVADO,1003013502,1999-05-27,CIUDAD DE MEXICO,09,0,0,0,0,0,1,0,0,0,0,0,0,0,0,0,0,0,0,0,0
"HOSPITAL GENERAL DE CULIACAN ""DR. BERNARDO J. GASTELUM""",SERVICIOS DE SALUD DEL ESTADO,14 TR 25 006 0004,2014-07-28,SINALOA,25,1,1,0,0,1,1,0,1,0,0,0,0,1,0,1,0,1,1,1,1
CENTENARIO HOSPITAL MIGUEL HIDALGO,SERVICIOS DE SALUD DEL ESTADO,1001000028,2011-07-26,AGUASCALIENTES,01,1,0,0,0,0,0,0,0,0,0,0,0,0,0,1,0,0,0,0,0
HOSPITAL INFANTIL PRIVADO S.A. DE C.V.,PRIVADO,07 T R 09 014 061,2007-11-13,CIUDAD DE MEXICO,09,1,0,0,0,0,0,0,0,0,0,0,0,0,0,1,0,0,0,0,0
"HOSPITAL DE TRAUMATOLOGIA ""MAGDALENA DE LAS SALINAS""",IMSS,05T090070070,2005-12-09,CIUDAD DE MEXICO,09,1,0,0,0,0,0,0,0,0,0,0,0,0,0,0,0,0,0,0,0
HOSPITAL REGIONAL NO. 1,IMSS,08 TR 22 014 037,2008-09-17,QUERÉTARO,22,1,0,0,0,0,0,0,0,0,0,0,0,0,0,0,0,0,0,0,0
"HOSPITAL GENERAL ""DR. SALVADOR ZUBIRAN""",SERVICIOS DE SALUD DEL ESTADO,07 T 08 019 0027,2007-05-31,CHIHUAHUA,08,1,0,0,0,0,1,0,0,0,0,0,0,1,0,0,0,0,0,0,0
HOSPITAL GENERAL DE CIUDAD JUAREZ,SERVICIOS DE SALUD DEL ESTADO,1037000221,1999-09-27,CHIHUAHUA,08,1,0,0,0,0,1,0,0,0,0,0,0,0,0,1,0,0,0,0,0
CENTRO DE ALTA ESPECIALIDAD DR. RAFAEL LUCIO,SERVICIOS DE SALUD DEL ESTADO,17 TR 30 087 0001,2017-06-28,VERACRUZ,30,1,0,0,0,0,1,0,0,0,0,0,0,0,0,1,0,0,0,0,0
CLINICA OFTALMOLOGICA DE LA GARZA VIEJO S.A. DE C.V.,PRIVADO,1019000013,1999-05-01,NUEVO LEÓN,19,1,0,0,0,0,1,0,0,0,0,0,0,0,0,0,0,0,0,0,0
HOSPITAL SAN JOSE PARA ENFERMOS DE LA VISTA A. C.,PRIVADO,1039000003,2000-11-22,JALISCO,14,1,0,0,0,0,1,0,0,0,0,0,0,0,0,0,0,0,0,0,0
"HOSPITAL CIVIL DE GUADALAJARA (""FRAY ANTONIO ALCALDE"")",SERVICIOS DE SALUD DEL ESTADO,1039000204,1997-12-01,JALISCO,14,1,0,0,0,1,1,0,1,0,0,1,0,0,0,1,0,0,0,0,0
"HOSPITAL UNIVERSITARIO DE SALTILLO ""DR. GONZALO VALDES VALDES"" DE LA UNIVERSIDAD AUTONOMA DE COAHUILA",PRIVADO,15 TR 05 030 0001,2015-03-24,COAHUILA,05,1,0,0,0,0,1,0,0,0,0,0,0,0,0,0,0,0,0,0,0
SOCIEDAD DE BENEFICENCIA  ESPAÑOLA  A.C.,PRIVADO,06 T 24 028 0143,2006-12-11,SAN LUIS POTOSÍ,24,1,0,0,0,0,1,0,0,0,0,0,0,0,0,1,0,0,0,0,0
"HOSPITAL CENTRAL ""DR. IGNACIO MORONES PRIETO""",SERVICIOS DE SALUD DEL ESTADO,1028005001,2003-06-11,SAN LUIS POTOSÍ,24,1,0,0,0,0,1,0,0,0,0,0,0,0,0,1,0,0,0,0,0
INSTITUTO NACIONAL DE CANCEROLOGIA,SSA,11 TR 09 014 034,2011-12-14,CIUDAD DE MEXICO,09,1,0,0,0,0,0,0,0,0,0,0,0,0,0,0,0,0,0,0,0
"HOSPITAL GENERAL ""BALBUENA""",SERVICIOS DE SALUD DEL ESTADO,11 TR 09 017 008,2011-04-25,CIUDAD DE MEXICO,09,1,0,0,0,0,0,0,0,0,0,0,0,0,0,0,0,0,0,0,0
"HOSPITAL GENERAL ""LA VILLA""",SERVICIOS DE SALUD DEL ESTADO,08 TR 09 005 056,2008-12-15,CIUDAD DE MEXICO,09,1,0,0,0,0,0,0,0,0,0,0,0,0,0,0,0,0,0,0,0
CLINICA QUIRURGICA DE LA CONCEPCION,PRIVADO,1030000064,2002-06-07,COAHUILA,05,1,0,0,0,0,0,0,0,0,0,0,0,0,0,1,0,0,0,0,0
"CLINICA RANDOLPH, S. C.",PRIVADO,15 TR 01 001 0002,2015-09-14,AGUASCALIENTES,01,0,0,0,0,0,1,0,0,0,0,0,0,0,0,0,0,0,0,0,0
HOSPITAL GENERAL DE MEXICALI,SERVICIOS DE SALUD DEL ESTADO,13 TR 02 002 0006,2013-09-06,BAJA CALIFORNIA,02,1,0,0,0,0,0,0,0,0,0,0,0,0,0,1,0,0,0,0,0
"HOSPITAL METROPOLITANO ""DR. BERNARDO SEPULVEDA""",SERVICIOS DE SALUD DEL ESTADO,1046000021,1999-06-14,NUEVO LEÓN,19,1,0,0,0,0,1,0,0,0,0,0,0,0,0,0,0,0,0,0,0
"HOSPITAL GENERAL ""DR. GONZALO CASTAÑEDA""",ISSSTE,,2008-12-15,CIUDAD DE MEXICO,09,1,0,0,0,0,1,0,0,0,0,0,0,0,0,0,0,0,0,0,0
HOSPITAL REGIONAL DE ALTA ESPECIALIDAD DR. GUSTAVO A. ROVIROSA PÉREZ,SERVICIOS DE SALUD DEL ESTADO,1018000013,1999-03-04,TABASCO,27,1,0,0,0,0,1,0,0,0,0,0,0,0,0,1,0,0,1,0,0
"HOSPITAL GENERAL ""DR. MIGUEL SILVA""",SERVICIOS DE SALUD DEL ESTADO,1053000075,1999-09-27,MICHOACÁN,16,1,0,0,0,0,1,0,0,0,0,0,0,0,0,1,0,0,1,0,0
CENTRO MEDICO ISSEMYM TOLUCA,SERVICIOS DE SALUD DEL ESTADO,04T150540018,2004-12-08,MÉXICO,15,1,0,0,0,1,1,0,1,0,0,0,0,1,0,1,0,0,0,0,0
HOSPITAL GENERAL REGIONAL NO. 1  (CULIACAN),IMSS,10 06 000 111,2001-06-15,SINALOA,25,1,0,0,0,0,0,0,0,0,0,0,0,0,0,0,0,0,0,0,0
HOSPITAL DE PEDIATRIA C.M.N. SIGLO XXI,IMSS,1006028596,1998-08-01,CIUDAD DE MEXICO,09,1,0,0,0,0,0,0,0,0,0,0,0,0,0,1,0,0,0,0,0
CLINICA ENFERMEDADES DE LOS OJOS ELIAS MARTINEZ R,PRIVADO,1106000060,1998-04-16,MÉXICO,15,1,0,0,0,0,1,0,0,0,0,0,0,0,0,0,0,0,1,0,0
MEDICA SUR S.A DE C.V,PRIVADO,06T090140078,2008-01-21,CIUDAD DE MEXICO,09,1,0,0,0,1,1,0,1,0,0,1,0,1,1,1,0,0,0,0,0
HOSPITAL ALMATER S.A. DE C.V.,PRIVADO,08 TR 02 002 053,2008-12-03,BAJA CALIFORNIA,02,1,0,0,0,0,1,0,0,0,0,0,0,0,0,1,0,0,0,0,0
OFTALMOLOGICA SUR S.A. DE C.V.,PRIVADO,07 TR 09 007 066,2007-12-05,CIUDAD DE MEXICO,09,0,0,0,0,0,1,0,0,0,0,0,0,0,0,0,0,0,0,0,0
HOSPITAL CENTRAL MILITAR,SEDENA,1011011033,1999-04-23,CIUDAD DE MEXICO,09,1,0,0,0,1,1,0,0,0,0,1,0,0,0,1,0,0,0,0,0
SANATORIO LA LUZ,PRIVADO,05 T 16 053 0062,2005-09-15,MICHOACÁN,16,1,0,0,0,0,1,0,0,0,0,0,0,0,0,1,0,0,0,0,0
"UNIDAD DE ESPECIALIDADES MEDICO-QUIRURGICAS ""MANUEL MARTINEZ GLADIN S.C""",PRIVADO,1001000050,1998-10-01,AGUASCALIENTES,01,1,0,0,0,0,1,0,0,0,0,0,0,0,0,0,0,0,0,0,0
HOSPITAL CENTRAL DEL ESTADO,SERVICIOS DE SALUD DEL ESTADO,13 TR 08 019 0001,2013-06-20,CHIHUAHUA,08,1,0,0,0,1,1,0,0,0,0,0,0,0,0,1,0,0,0,0,0
HOSPITAL REGIONAL GRAL. IGNACIO ZARAGOZA,ISSSTE,08 TR 09 007 039,2008-10-01,CIUDAD DE MEXICO,09,1,0,0,0,0,1,0,0,0,0,0,0,0,0,1,0,0,0,0,0
CLINICA OFTALMOLOGICA DAVID,PRIVADO,1053000073,1999-09-27,MICHOACÁN,16,1,0,0,0,0,1,0,0,0,0,0,0,0,0,0,0,0,0,0,0
SERVICIOS MEDICOS QUIRURGICOS DE TOLUCA S.A. DE C.V.,PRIVADO,13 TR 15 106 0002,2013-09-04,MÉXICO,15,1,0,0,0,0,1,0,0,0,0,0,0,0,0,1,0,0,0,0,0
HOSPITAL DE ESPECIALIDADES NO. 2 (C.M.N. DEL NOROESTE),IMSS,1018000014,1999-05-01,SONORA,26,0,0,0,0,0,1,1,0,0,0,0,0,0,0,1,0,0,1,0,0
CENTRO MEDICO SUR SONORA S.A. DE C.V.,PRIVADO,1018000013,1999-04-19,SONORA,26,1,0,0,0,0,0,0,0,0,0,0,0,0,0,1,0,0,0,0,0
HOSPITAL FRAY JUAN DE SAN MIGUEL DE URUAPAN S.A DE C.V,PRIVADO,12 TR 16 102 0001,2012-09-10,MICHOACÁN,16,1,0,0,0,0,1,0,0,0,0,0,0,0,0,1,0,0,1,0,0
HOSPITAL GENERAL DE PUEBLA DR. EDUARDO VAZQUEZ NAVARRO,SERVICIOS DE SALUD DEL ESTADO,16 TR 21 114 0005,2016-02-15,PUEBLA,21,1,0,0,0,0,1,0,0,0,0,0,0,0,0,1,0,0,0,0,0
HOSPITAL PARA EL NIÑO POBLANO,SERVICIOS DE SALUD DEL ESTADO,15 TR 21 119 0002,2015-05-21,PUEBLA,21,1,0,0,0,0,0,0,0,0,0,0,0,0,0,1,0,0,0,0,0
"CENTRO HOSPITALARIO MAC, S.A. DE C.V.",PRIVADO,14 TR 01 001 0004,2014-07-01,AGUASCALIENTES,01,1,0,0,0,0,0,0,0,0,0,0,0,0,0,1,0,0,0,0,0
HOSPITAL ARANDA DE LA PARRA S.A. DE C.V.,PRIVADO,06 T 11 020 146,2009-06-22,GUANAJUATO,11,1,0,0,0,0,1,0,0,0,0,0,0,0,0,1,0,0,0,0,0
CHRISTUS MUGUERZA DEL PARQUE S.A. DE C.V.,PRIVADO,14 TR 08 019 0003,2014-03-10,CHIHUAHUA,08,1,0,0,0,1,1,0,1,0,0,0,0,0,0,1,0,0,0,0,0
SERVICIOS OPTOMETRICOS Y OPTICOS,PRIVADO,1039000212,1999-08-26,JALISCO,14,0,0,0,0,0,1,0,0,0,0,0,0,0,0,0,0,0,1,0,0
HOSPITAL GENERAL REGIONAL NO. 1 (MORELOS),IMSS,1019005004,2003-05-22,CHIHUAHUA,08,1,0,0,0,0,0,0,0,0,0,0,0,0,0,1,0,0,0,0,0
CENTRO MEDICO DE TOLUCA S.A. DE C.V.,PRIVADO,15 TR 15 054 0001,2015-12-01,MÉXICO,15,1,0,0,0,0,1,0,0,0,0,0,0,0,0,1,0,0,0,0,0
HOSPITAL GENERAL REGIONAL NO. 25,IMSS,07 T 09 009 0022,2007-05-08,CIUDAD DE MEXICO,09,1,0,0,0,0,0,0,0,0,0,0,0,0,0,0,0,0,0,0,0
HOSPITAL GENERAL DE QUERETARO,SERVICIOS DE SALUD DEL ESTADO,15 TR 22 014 0001,2015-06-01,QUERÉTARO,22,1,0,0,0,1,1,0,0,0,0,0,0,0,0,1,0,0,1,0,0
"HOSPITAL DE TRAUMATOLOGIA Y ORTOPEDIA ""LOMAS VERDES""",IMSS,05T150570071,2005-12-09,MÉXICO,15,1,0,0,0,0,0,0,0,0,0,0,0,0,0,0,0,0,0,0,0
INSTITUTO OFTALMOLOGICO PRIVADO,PRIVADO,05T110170046,2005-07-04,GUANAJUATO,11,1,0,0,0,0,1,0,0,0,0,0,0,0,0,0,0,0,1,0,0
HOSPITAL STAR MEDICA CENTRO,PRIVADO,05 T 09 006 0058,2005-08-25,CIUDAD DE MEXICO,09,0,0,0,0,0,0,0,0,0,0,0,0,0,0,1,0,0,0,0,0
CLINICA DE OJOS RUIZ MONTENEGRO,PRIVADO,1053000071,1998-06-01,MICHOACÁN,16,1,0,0,0,0,1,0,0,0,0,0,0,0,0,0,0,0,1,0,0
HOSPITAL DE PEDIATRIA DEL C. M. N. (OCCIDENTE),IMSS,11 TR 14 039 018,2011-06-20,JALISCO,14,1,0,0,0,0,1,0,0,0,0,0,0,0,0,1,0,0,0,0,0
C.M.Q. SEÑOR DEL HOSPITAL S.A. DE C.V.,PRIVADO,1027000004,1998-07-09,GUANAJUATO,11,1,0,0,0,0,1,0,0,0,0,0,0,0,0,0,0,0,1,0,0
"HOSPITAL REGIONAL ""DR. VALENTIN GOMEZ FARIAS""",ISSSTE,1039000213,1999-09-01,JALISCO,14,1,0,0,0,0,1,0,1,0,0,0,0,0,0,1,0,0,0,0,0
"CENTRO ESTATAL DE OFTALMOLOGIA ""EMMA LIMON DE BROWN""",SERVICIOS DE SALUD DEL ESTADO,1001000004,2001-04-04,GUERRERO,12,1,0,0,0,0,1,0,0,0,0,0,0,0,0,0,0,0,1,0,0
HOSPITAL GENERAL REGIONAL NO. 20,IMSS,08 T R 02 004 016,2008-03-31,BAJA CALIFORNIA,02,1,0,0,0,0,0,0,0,0,0,0,0,0,0,1,0,0,0,0,0
HOSPITAL MUGUERZA SALTILLO (CHRISTUS),PRIVADO,1030000062,1999-06-14,COAHUILA,05,1,0,0,0,0,1,0,0,0,0,0,0,0,0,1,0,0,0,0,0
"HOSPITAL CIVIL ""DR. JUAN I. MENCHACA"" (GUADALAJARA)",SERVICIOS DE SALUD DEL ESTADO,1039000206,1998-07-15,JALISCO,14,1,0,0,0,0,1,0,0,0,0,0,0,1,0,1,0,0,1,0,0
HOSPITAL PRIVADO DE HERMOSILLO S.A. DE C.V.,PRIVADO,14 TR 26 030 0002,2014-03-12,SONORA,26,1,0,0,0,1,1,0,0,0,0,0,0,0,0,1,0,0,0,0,0
CENTRO MEDICO DE ESPECIALIDADES DE CIUDAD JUAREZ S.A. DE C.V.,PRIVADO,1037000220,1999-08-26,CHIHUAHUA,08,1,0,0,0,0,0,0,0,0,0,0,0,0,0,1,0,0,0,0,0
"HOSPITAL Y CLINICA OCA, S.A. DE C.V.",PRIVADO,10 TR 19 039 003,2010-02-16,NUEVO LEÓN,19,1,0,0,0,1,1,0,1,0,0,1,0,0,0,1,0,0,0,0,0
OHA Sucursal Hospital Ángeles Torreón,PRIVADO(OHA),07 T 05 035 0004,2007-01-15,COAHUILA,05,1,0,0,0,0,1,0,0,0,0,0,0,0,0,1,0,0,0,0,0
"HOSPITAL GENERAL ISSSTE ""5 DE DICIEMBRE""",ISSSTE,1002000001,2001-07-17,BAJA CALIFORNIA,02,1,0,0,0,0,0,0,0,0,0,0,0,0,0,1,0,0,0,0,0
"UNIDAD MEDICA DE ALTA ESPECIALIDAD NO.14 CENTRO MEDICO NACIONAL ""ADOLFO RUIZ CORTINEZ"", VERACRUZ, VER.",IMSS,05 T 30 193 0024,2008-05-12,VERACRUZ,30,1,0,0,0,0,1,0,0,0,0,0,0,0,0,1,0,0,1,0,0
UMAE  HOSPITAL DE ESPECIALIDADES C.M.N. IGNACIO GARCIA TELLEZ,IMSS,13 TR 31 050 0002,2013-04-04,YUCATÁN,31,1,0,0,0,0,0,0,0,0,0,0,0,0,0,1,0,0,0,0,0
HOSPITAL GENERAL REGIONAL NO. 1,IMSS,14 TR 16 022 0001,2014-06-09,MICHOACÁN,16,1,0,0,0,0,1,0,0,0,0,0,0,0,0,1,0,0,0,0,0
HOSPITAL SANTA MARGARITA S.A. DE C.V.,PRIVADO,08 TR 14 039 045,2008-10-28,JALISCO,14,1,0,0,0,0,0,0,0,0,0,0,0,0,0,1,0,0,0,0,0
FUNDACION OFTALMOLOGICA DE OCCIDENTE A.C.,PRIVADO,1039000211,1999-06-18,JALISCO,14,0,0,0,0,0,1,0,0,0,0,0,0,0,0,0,0,0,1,0,0
IECO INSTITUTO DE ENFERMEDADES Y CIRUGIA OCULAR S.A. DE C.V.,PRIVADO,12 TR 31 050 0001,2012-12-10,YUCATÁN,31,0,0,0,0,0,1,0,0,0,0,0,0,0,0,0,0,0,0,0,0
CENTRO OFTALMOLOGICO LAZCANO,PRIVADO,15 TR 21 114 0003,2015-07-22,PUEBLA,21,0,0,0,0,0,1,0,0,0,0,0,0,0,0,0,0,0,0,0,0
"HOSPITAL GENERAL REGIONAL NO. 1 ""DR. CARLOS MACGREGOR SANCHEZ NAVARRO"" (GABRIEL MANCERA)",IMSS,07 TR 09 014 056,2008-10-28,CIUDAD DE MEXICO,09,1,0,0,0,0,1,0,0,0,0,0,0,0,0,1,0,0,0,0,0
HOSPITAL GENERAL DE ZONA NO. 1,IMSS,08 T R 01 001 018,2008-04-03,AGUASCALIENTES,01,1,0,0,0,0,0,0,0,0,0,0,0,0,0,0,0,0,0,0,0
CHRISTUS MUGUERZA HOSPITAL BETANIA,PRIVADO,14 TR 21 114 0003,2014-05-09,PUEBLA,21,1,0,0,0,1,1,0,0,0,0,0,0,0,0,1,0,0,0,0,0
SANATORIO SANTA CATARINA S.A. DE C.V.,PRIVADO,1005000055,1998-01-14,DURANGO,10,1,0,0,0,0,0,0,0,0,0,0,0,0,0,1,0,0,0,0,0
HOSPITAL GENERAL DR. SANTIAGO R. Y CAJAL,ISSSTE,1005000056,1998-02-03,DURANGO,10,1,0,0,0,0,1,0,1,0,0,0,0,0,0,1,0,0,0,0,0
UNIDAD MEDICA DE ALTA ESPECIALIDAD HOSPITAL DE CARDIOLOGIA NO. 34 ,IMSS,12 TR 19 039 0001,2012-05-03,NUEVO LEÓN,19,1,0,0,0,1,0,0,0,0,0,0,0,0,0,0,0,0,0,0,0
"HOSPITAL GENERAL UNIVERSITARIO ""DR. JOAQUIN DEL VALLE SANCHEZ""",PRIVADO,06 T 05 035 0122,2010-10-14,COAHUILA,05,1,0,0,0,0,1,0,0,0,0,0,0,0,0,1,0,0,1,0,0
HOSPITAL GENERAL CON ESPECIALIDADES JUAN MARIA DE SALVATIERRA,SERVICIOS DE SALUD DEL ESTADO,08 T R 03 003 009,2008-02-18,BAJA CALIFORNIA SUR,03,1,0,0,0,0,0,0,0,0,0,0,0,0,0,1,0,0,0,0,0
"INTER-HOSP, S.A DE C.V",PRIVADO,15 TR 09 015 0002,2015-07-14,CIUDAD DE MEXICO,09,0,0,0,0,0,0,0,0,0,0,0,0,0,0,1,0,0,0,0,0
HOSPITAL FRAY JUNIPERO SERRA,ISSSTE,1004000269,1998-07-15,BAJA CALIFORNIA,02,1,0,0,0,0,1,0,0,0,0,0,0,0,0,1,0,0,0,0,0
"HOSPITAL DE ALTA ESPECIALIDAD ""DR. JUAN GRAHAM CASASUS""",SERVICIOS DE SALUD DEL ESTADO,14 TR 27 018 0002,2014-06-02,TABASCO,27,1,0,0,0,0,1,0,0,0,0,0,0,0,0,1,0,0,0,0,0
CLINICA OFTALMOLOGICA DURANGO S.A. DE C.V.,PRIVADO,06T100050102,2006-07-05,DURANGO,10,0,0,0,0,0,1,0,0,0,0,0,0,0,0,0,0,0,0,0,0
HOSPITAL SAN JAVIER S.A. DE C.V.,PRIVADO,16 TR 14 039 0009,2016-07-06,JALISCO,14,1,0,0,0,1,0,0,1,0,0,0,0,0,0,1,0,0,0,0,0
CLINICA SANTA CRUZ S.A. DE C.V.,PRIVADO,1018000014,1999-04-01,TABASCO,27,1,0,0,0,0,0,0,0,0,0,0,0,0,0,1,0,0,0,0,0
HOSPITAL DEL NIÑO QUEMADO (QUERETARO),PRIVADO,1014000058,1999-05-27,QUERÉTARO,22,0,0,0,0,0,0,0,0,0,0,0,0,1,0,0,0,0,0,0,1
CENTRO DE OFTALMOLOGIA J. A. CASTAÑON,PRIVADO,1028000124,1999-05-01,SAN LUIS POTOSÍ,24,0,0,0,0,0,1,0,0,0,0,0,0,0,0,0,0,0,1,0,0
HOSPITAL SHARP DE MAZATLAN,PRIVADO,07 T R  25 012 055,2007-09-21,SINALOA,25,1,0,0,0,0,0,0,0,0,0,0,0,0,0,1,0,0,0,0,0
HOSPITAL CIVIL DE CULIACAN,SERVICIOS DE SALUD DEL ESTADO,12 TR 25 006 0002,2012-11-08,SINALOA,25,1,0,0,0,0,1,0,0,0,0,0,0,0,0,1,0,0,0,0,0
"CENTRO MEDICO HOSPITAL DEL PRADO, S. A. DE C. V.",PRIVADO,14 TR 02 004 0010,2014-10-20,BAJA CALIFORNIA,02,1,0,0,0,0,0,0,0,0,0,0,0,0,0,1,0,0,0,0,0
BANCO DE TEJIDOS RADIOESTERILIZADOS (ININ),ININ,1062000001,1999-07-07,MÉXICO,15,0,0,0,0,0,0,0,0,0,0,0,0,0,0,0,0,0,0,0,1
HOSPITAL SANTA ENGRACIA,PRIVADO,07 T 19 019 053,2009-12-09,NUEVO LEÓN,19,1,0,0,0,0,0,0,1,0,0,0,0,0,0,1,0,0,0,0,0
HOSPITAL HISPANO AMERICANO S. A. DE C. V. ,PRIVADO,13 TR 02 002 0003,2013-05-24,BAJA CALIFORNIA,02,1,0,0,0,0,0,0,0,0,0,0,0,0,0,1,0,0,0,0,0
SANATORIO ADVENTISTA,PRIVADO,1011011037,1999-07-22,CIUDAD DE MEXICO,09,0,0,0,0,0,1,0,0,0,0,0,0,0,0,0,0,0,1,0,0
INSTITUTO MEXICANO DE TRASPLANTES S C,PRIVADO,07 TR 17 007 057,2007-10-08,MORELOS,17,1,0,0,0,0,0,0,0,0,0,0,0,0,0,1,0,0,0,0,0
HOSPITAL GENERAL DR. MANUEL GEA GONZALEZ,SSA,12 TR 09 012 0003,2012-11-30,CIUDAD DE MEXICO,09,1,0,0,0,0,1,0,0,0,0,0,0,0,0,0,1,0,1,0,0
"CLINICA VIDRIERA, A.C.",PRIVADO,1019000015,1999-09-27,NUEVO LEÓN,19,1,0,0,0,1,1,0,1,0,0,0,0,0,0,1,0,0,0,0,0
HOSPITAL DE LOS MAESTROS,SNTE,1046000022,1999-07-02,NUEVO LEÓN,19,1,0,0,0,0,0,0,0,0,0,0,0,0,0,1,0,0,0,0,0
HOSPITAL REGIONAL ISSSTE MONTERREY,ISSSTE,09 TR 19 039 027,2009-08-04,NUEVO LEÓN,19,1,0,0,0,0,1,0,1,0,0,0,0,0,0,1,0,0,0,0,0
CENTRO MEDICO EXCEL S.C.,PRIVADO,1004000274,2000-03-01,BAJA CALIFORNIA,02,1,0,0,0,0,0,0,0,0,0,0,0,0,0,1,0,0,0,0,0
HOSPITAL GENERAL DE TEPIC,SERVICIOS DE SALUD DEL ESTADO,1017000070,2000-04-01,NAYARIT,18,1,0,0,0,0,1,0,0,0,0,0,0,0,0,1,0,0,0,0,0
HOSPITAL GENERAL DR. AQUILES CALLES RAMIREZ,ISSSTE,1017000071,2000-06-06,NAYARIT,18,1,0,0,0,0,1,0,0,0,0,0,0,0,0,1,0,0,0,0,0
OPERADORA DE HOSPITALES ÁNGELES S. A. de C. V.,PRIVADO(OHA),07 T 15 037 0009,2007-01-23,MÉXICO,15,1,0,0,0,1,1,0,0,0,0,0,0,0,1,1,0,0,0,0,0
CENTRO DE ESPECIALIDADES MEDICA DE CELAYA S.A. DE C.V.,PRIVADO,1007000001,2000-09-15,GUANAJUATO,11,1,0,0,0,0,0,0,0,0,0,0,0,0,0,1,0,0,0,0,0
HOSPITAL TERRANOVA S.A. DE C.V.,PRIVADO,1039000001,2000-09-15,JALISCO,14,1,0,0,0,0,0,0,1,0,0,0,0,0,0,1,0,0,0,0,0
HOSPITAL GENERAL DE CIUDAD VICTORIA,SERVICIOS DE SALUD DEL ESTADO,08 TR 28 041 048,2009-05-14,TAMAULIPAS,28,1,0,0,0,0,1,0,0,0,0,0,0,0,0,1,0,0,0,0,0
CLINICA DE RETINA DR PABLO MUÑOZ RODRIGUEZ,PRIVADO,07 T 14 039 0037,2007-07-26,JALISCO,14,0,0,0,0,0,1,0,0,0,0,0,0,0,0,0,0,0,0,0,0
HOSPITAL GENERAL DE TAMPICO DR. CARLOS CANSECO ,SERVICIOS DE SALUD DEL ESTADO,04 T 28 038 0010,2008-06-20,TAMAULIPAS,28,1,0,0,0,0,1,0,0,0,0,0,0,0,0,1,0,0,0,0,0
HOSPITAL CARDIOLOGICA AGUASCALIENTES,PRIVADO,1001000001,2000-12-08,AGUASCALIENTES,01,1,0,0,0,0,1,0,0,0,0,0,0,0,0,1,0,0,0,0,0
HOSPITAL GENERAL DE DURANGO,SERVICIOS DE SALUD DEL ESTADO,06 T 10 005 0147,2006-12-19,DURANGO,10,1,0,0,0,0,1,0,0,0,0,0,0,0,0,1,0,0,0,0,0
HOSPITAL GENERAL DE ZONA No. 1 Dr Ernesto Miramontes Cardenas,IMSS,1017000001,2001-02-14,NAYARIT,18,1,0,0,0,0,0,0,0,0,0,0,0,0,0,1,0,0,0,0,0
CLINICA DE OFTALMOLOGIA ARGUS S.C.,PRIVADO,1039000005,2001-04-19,JALISCO,14,0,0,0,0,0,1,0,0,0,0,0,0,0,0,0,0,0,0,0,0
"HOSPITAL LA CARLOTA, S. C.",PRIVADO,11 TR 19 038 031,2011-11-24,NUEVO LEÓN,19,0,0,0,0,0,1,0,0,0,0,0,0,0,0,0,0,0,0,0,0
"HOSPITAL DEL COUNTRY, S. A. DE C. V. ",PRIVADO,15 TR 14 039 0001,2015-04-22,JALISCO,14,1,0,0,0,1,1,0,0,0,0,0,0,0,0,1,0,0,0,0,0
UNIDAD DE OFTALMOLOGIA DR. HORACIO E. PONCE C.,PRIVADO,1017000001,2001-06-05,ZACATECAS,32,0,0,0,0,0,1,0,0,0,0,0,0,0,0,0,0,0,0,0,0
CLINICA PROVISTA,PRIVADO,1039000007,2001-08-03,JALISCO,14,0,0,0,0,0,1,0,0,0,0,0,0,0,0,0,0,0,0,0,0
"HOSPITAL UNIVERSITARIO ""JOSE E. GONZALEZ"" UANL (BANCO DE TEJIDOS)",PRIVADO,1039000001,2001-05-22,NUEVO LEÓN,19,1,0,0,0,0,0,0,0,0,0,0,0,0,0,0,0,0,0,1,0
HOSPITAL REGIONAL I.S.S.S.T.E. LEON GUANAJUATO,ISSSTE,08 TR 11 020 027,2008-05-23,GUANAJUATO,11,1,0,0,0,0,1,0,0,0,0,0,0,0,0,1,0,0,0,0,0
CLINICA HOSPITAL CULIACAN S.A. DE C.V.,PRIVADO,17 TR 25 006 0001,2017-05-19,SINALOA,25,1,0,0,0,0,0,0,0,0,0,0,0,0,0,1,0,0,0,0,0
HOSPITAL REGIONAL MERIDA,ISSSTE,05 T 31 050 0028,2005-03-28,YUCATÁN,31,1,0,0,0,0,1,0,0,0,0,0,0,0,0,1,0,0,0,0,0
"HOSPITAL REGIONAL ""LIC. ADOLFO LOPEZ MATEOS""",ISSSTE,04T090010003,2004-01-26,CIUDAD DE MEXICO,09,1,0,0,0,0,1,0,0,0,0,0,0,0,0,1,0,0,0,0,0
VISION LASER INTERNACIONAL SA DE CV,PRIVADO,1032000036,2002-06-07,TAMAULIPAS,28,0,0,0,0,0,1,0,0,0,0,0,0,0,0,0,0,0,0,0,0
ENDO LASER MICROQUIRURGICA S.A DE C.V,PRIVADO,1039000145,2002-06-07,NUEVO LEÓN,19,0,0,0,0,0,1,0,0,0,0,0,0,0,0,0,0,0,0,0,0
LASER SAN LUIS SA DE CV,PRIVADO,1028000128,2002-07-02,SAN LUIS POTOSÍ,24,0,0,0,0,0,1,0,0,0,0,0,0,0,0,0,0,0,0,0,0
CLINICA DE OJOS DE TIJUANA,PRIVADO,13 TR 02 004 0007,2013-12-17,BAJA CALIFORNIA,02,0,0,0,0,0,1,0,0,0,0,0,0,0,0,0,0,0,0,0,0
HOSPITAL GENERAL DE ENSENADA,SERVICIOS DE SALUD DEL ESTADO,1001005013,2002-12-02,BAJA CALIFORNIA,02,1,0,0,0,0,1,0,0,0,0,0,0,0,0,0,0,0,0,0,0
"HOSPITAL GENERAL ""DR. PEDRO DANIEL MARTINEZ"" (URUAPAN)",SERVICIOS DE SALUD DEL ESTADO,05T161020057,2005-08-25,MICHOACÁN,16,1,0,0,0,0,1,0,0,0,0,0,0,0,0,1,0,0,0,0,0
NOVAVISION LASER CENTER,PRIVADO,18 TR 15 057 0001,2018-01-28,MÉXICO,15,0,0,0,0,0,1,0,0,0,0,0,0,0,0,0,0,0,0,0,0
CENTRO MEDICO DE LAS AMERICAS,PRIVADO,14 TR 31 050 0003,2014-10-22,YUCATÁN,31,1,0,0,0,1,1,0,0,0,0,1,0,0,0,1,0,0,0,0,0
"CENTRO OFTALMOLOGICO DE TIJUANA, S. DE R.L. DE C.V.",PRIVADO,17 TR 02 004 0009,2017-12-01,BAJA CALIFORNIA,02,0,0,0,0,0,1,0,0,0,0,0,0,0,0,0,0,0,0,0,0
"INSTITUTO MEXICANO DE OFTALMOLOGIA, I.A.P.",PRIVADO,06T220140112,2006-08-03,QUERÉTARO,22,1,0,0,0,0,1,0,0,0,0,0,0,0,0,0,0,0,0,0,0
STAR MEDICA S.A. DE C.V.,PRIVADO,16 TR 16 053 0002,2016-02-22,MICHOACÁN,16,0,0,0,0,0,1,0,0,0,0,0,0,0,0,1,0,0,0,0,0
"HOSPITAL REGIONAL ""PRESIDENTE JUAREZ""",ISSSTE,1068005001,2003-01-31,OAXACA,20,1,0,0,0,0,0,0,0,0,0,0,0,0,0,0,0,0,0,0,0
BENEFICENCIA ESPAÑOLA DE LA LAGUNA,PRIVADO,13 TR 05 035 0001,2013-06-24,COAHUILA,05,1,0,0,0,1,1,0,0,0,0,0,0,0,0,1,0,0,0,0,0
CLINICA OFTALMOLOGICA BETHESDA S.C.,PRIVADO,1004005016,2003-05-15,BAJA CALIFORNIA,02,0,0,0,0,0,1,0,0,0,0,0,0,0,0,0,0,0,0,0,0
HOSPITAL REGIONAL MANUEL CARDENAS DE LA VEGA,ISSSTE,07 T 25 006 0014,2007-03-01,SINALOA,25,1,0,0,0,0,1,0,0,0,0,0,0,0,0,1,0,0,0,0,0
"HOSPITAL GENERAL REGIONAL No. 1 ""VICENTE  GUERRERO""",IMSS,16 TR 12 001 0002,2003-05-15,GUERRERO,12,1,0,0,0,0,0,0,0,0,0,0,0,0,0,0,0,0,0,0,0
POLIPLAZA MEDICA (HOSPITALES DE JUAREZ),PRIVADO,1037005007,2003-05-28,CHIHUAHUA,08,0,0,0,0,0,0,0,0,0,0,0,0,0,0,1,0,0,0,0,0
OFTALMOLASER DE MEXICO S.A. DE C.V.,PRIVADO,1015005056,2003-06-11,CIUDAD DE MEXICO,09,0,0,0,0,0,1,0,0,0,0,0,0,0,0,0,0,0,1,0,0
OPERADORA DE HOSPITALES ANGELES S. A. DE C. V. ,PRIVADO(OHA),15 TR 11 020 0001,2015-02-23,GUANAJUATO,11,0,0,0,0,0,1,0,0,0,0,0,0,0,0,1,0,0,0,0,0
SERVICIOS HOSPITALARIOS DE MEXICO S.A. DE C.V. ,PRIVADO,04 T 08 019 0002,2009-10-06,CHIHUAHUA,08,1,0,0,0,1,1,0,0,0,0,0,0,0,0,1,0,0,0,0,0
"NOVOINJERTOS, S.C.",PRIVADO,12 TR 09 014 0001,2012-08-29,CIUDAD DE MEXICO,09,0,0,0,0,0,0,0,0,0,0,0,0,0,0,0,0,0,0,1,1
"CENTRO OFTALMOLOGICO DE GUADALAJARA, S.A. DE C.V.",PRIVADO,04T141200005,2004-01-27,JALISCO,14,0,0,0,0,0,1,0,0,0,0,0,0,0,0,0,0,0,0,0,0
Hospital Regional ISSSTE Puebla,ISSSTE,04T211140011,2004-08-18,PUEBLA,21,1,0,0,0,0,1,0,0,0,0,0,0,0,0,1,0,0,1,0,0
CENTRO DE ESTUDIOS OFTALMOLOGICOS LASER DE SALTILLO S.A DE C.V,PRIVADO,17 TR 05 030 0001,2017-03-03,COAHUILA,05,0,0,0,0,0,1,0,0,0,0,0,0,0,0,0,0,0,0,0,0
INSTITUTO DE LA VISIÓN S.A DE C.V.,PRIVADO,04T050350017,2004-12-08,COAHUILA,05,0,0,0,0,0,1,0,0,0,0,0,0,0,0,0,0,0,0,0,0
"OPERADORA DE HOSPITALES ANGELES, S. A. DE C. V.",PRIVADO(OHA),07 T 27 004 0001,2007-01-15,TABASCO,27,0,0,0,0,0,0,0,0,0,0,0,0,0,0,1,0,0,0,0,0
HOSPITALES DEL VALLE S.A DE C.V,PRIVADO,04T080370015,2004-11-16,CHIHUAHUA,08,0,0,0,0,0,1,0,0,0,0,0,0,0,0,1,0,0,0,0,0
HOSPITAL GENERAL LIC. ADOLFO LOPEZ MATEOS,SERVICIOS DE SALUD DEL ESTADO,06 T 151 060 123,2006-10-04,MÉXICO,15,1,0,0,0,0,1,0,0,0,0,0,0,0,0,0,0,0,0,0,0
INSTITUTO NACIONAL DE NEUROLOGIA Y NEUROCIRUGIA,SSA,05T090140023,2005-01-12,CIUDAD DE MEXICO,09,1,0,0,0,0,0,0,0,0,0,0,0,0,0,0,0,0,0,0,0
OFTALMOLASER DE IRAPUATO S.C,PRIVADO,05T110170022,2005-01-11,GUANAJUATO,11,0,0,0,0,0,1,0,0,0,0,0,0,0,0,0,0,0,0,0,0
HOSPITAL BERNARDETTE S.A DE C.V,PRIVADO,04T140390021,2004-12-16,JALISCO,14,0,0,0,0,1,0,0,0,0,0,0,0,0,0,0,0,0,0,0,0
"CENTRO HOSPITALARIO B.S.A.L.A.H., S.A DE C.V",PRIVADO,04 T120010019,2004-12-14,GUERRERO,12,0,0,0,0,0,1,0,0,0,0,0,0,0,0,1,0,0,0,0,0
OHA Sucursal Hospital Ángeles Querétaro,PRIVADO(OHA),07 T 22 014 003,2007-01-15,QUERÉTARO,22,0,0,0,0,0,1,0,0,0,0,0,0,0,0,1,0,0,0,0,0
"CENTRO DE CORNEAS MEXICANAS,  A.C.",PRIVADO,05T090060024,2005-01-19,CIUDAD DE MEXICO,09,1,0,0,0,0,0,0,0,0,0,0,0,0,0,0,0,0,1,0,0
"HOSPITAL REGIONAL DE ALTA ESPECIALIDAD DEL NIÑO ""DR. RODOLFO NIETO PADRÓN""",SERVICIOS DE SALUD DEL ESTADO,17 TR 27 018 0001,2017-02-21,TABASCO,27,1,0,0,0,0,1,0,0,0,0,0,0,0,0,1,0,0,1,0,0
CLINICA LAS ROSAS,PRIVADO,05T200670031,2005-05-12,OAXACA,20,0,0,0,0,0,1,0,0,0,0,0,0,0,0,0,0,0,0,0,0
"CLINICA HOSPITAL DEL MAGISTERIO ""PROF. NICEFORO RODRIGUEZ MALDONADO""",PRIVADO,05T050300041,2005-06-06,COAHUILA,05,0,0,0,0,0,0,0,0,0,0,0,0,0,0,1,0,0,0,0,0
HOSPITAL GENERAL REGIONAL No.1,IMSS,12 TR 02 004 0003,2012-09-05,BAJA CALIFORNIA,02,1,0,0,0,0,1,0,0,0,0,0,0,0,0,1,0,0,0,0,0
HOSPITAL DR. MANUEL CAMPOS,PRIVADO,05T040020030,2005-05-12,CAMPECHE,04,0,0,0,0,0,0,0,0,0,0,0,0,0,0,1,0,0,0,0,0
HOSPITAL OASIS,PRIVADO,05T020040032,2005-05-12,BAJA CALIFORNIA,02,0,0,0,0,0,0,0,0,0,0,0,0,0,0,1,0,0,0,0,0
HOSPITAL DE TRAUMATOLOGIA Y ORTOPEDIA No. 21,IMSS,05T190390035,2005-05-12,NUEVO LEÓN,19,1,0,0,0,0,0,0,1,0,0,0,0,0,0,0,0,0,0,0,0
"HOSPITAL GENERAL ""DR. FERNANDO QUIROZ GUTIERREZ""",SERVICIOS DE SALUD DEL ESTADO,05T150250036,2005-05-16,MÉXICO,15,1,0,0,0,0,0,0,0,0,0,0,0,0,0,0,0,0,0,0,0
"HOSPITAL GENERAL ""DR. NICOLAS SAN JUAN""",SERVICIOS DE SALUD DEL ESTADO,05T151060037,2005-05-16,MÉXICO,15,1,0,0,0,0,1,0,0,0,0,0,0,0,0,1,0,0,0,0,0
"HOSPITAL GENERAL DE ATIZAPAN ""DR. SALVADOR GONZALEZ HERREJON"" DAIMELER CHRYSLER",SERVICIOS DE SALUD DEL ESTADO,05T150130038,2005-05-16,MÉXICO,15,1,0,0,0,0,0,0,0,0,0,0,0,0,0,0,0,0,0,0,0
HOSPITAL PRIVADO SAN JOSE DE CIUDAD OBREGÓN S.A DE C.V,PRIVADO,05T260180040,2005-05-27,SONORA,26,0,0,0,0,0,0,0,0,0,0,0,0,0,0,1,0,0,0,0,0
"MILLENIUM MEDICAL CENTER VERACRUZ, S.A. DE C.V.",PRIVADO,05 T 30 028 0044,2005-06-10,VERACRUZ,30,1,0,0,0,0,0,0,0,0,0,0,0,0,0,1,0,0,0,0,0
HOSPITAL GENERAL DE TLALNEPANTLA VALLE CEYLAN,SERVICIOS DE SALUD DEL ESTADO,05 T 15 104 0047,2005-07-05,MÉXICO,15,1,0,0,0,0,0,0,0,0,0,0,0,0,0,0,0,0,0,0,0
"HOSPITAL GENERAL ""DR. GUSTAVO BAZ PRADA""",SERVICIOS DE SALUD DEL ESTADO,05T150580053,2005-08-10,MÉXICO,15,1,0,0,0,0,0,0,0,0,0,0,0,0,0,0,0,0,0,0,0
CLINICA OFTALMOLOGICA DR. FERNANDO LÓPEZ GARCIA,PRIVADO,05T151060055,2005-08-17,MÉXICO,15,0,0,0,0,0,1,0,0,0,0,0,0,0,0,0,0,0,0,0,0
BANCO DE OJOS COETRA BAJA CALIFORNIA,SERVICIOS DE SALUD DEL ESTADO,05T020040049,2005-07-12,BAJA CALIFORNIA,02,0,0,0,0,0,0,0,0,0,0,0,0,0,0,0,0,0,1,0,0
HOSPITAL STAR MEDICA,PRIVADO,06T310500080,2006-03-30,YUCATÁN,31,1,0,0,0,0,0,0,0,0,0,0,0,0,0,1,0,0,0,0,0
CENTRO DE CIRUGIA AVANZADA SIGLO XXI. S.A DE C.V.,PRIVADO,05T141200073,2005-12-16,JALISCO,14,0,0,0,1,0,1,1,1,0,0,0,0,0,0,0,0,0,0,0,0
HOSPITAL GENERAL DE ZONA No.49,IMSS,05T250010056,2005-08-23,SINALOA,25,1,0,0,0,0,0,0,0,0,0,0,0,0,0,1,0,0,0,0,0
HOSPITAL GENERAL DR. FRANCISCO GALINDO CHAVEZ,ISSSTE,06T05035118,2006-09-06,COAHUILA,05,1,0,0,0,0,1,0,0,0,0,0,0,0,0,1,0,0,0,0,0
"HOSPITAL GENERAL ""VASCO DE QUIROGA""",ISSSTE,05T161020065,2005-11-16,MICHOACÁN,16,1,0,0,0,0,0,0,0,0,0,0,0,0,0,1,0,0,0,0,0
HOSPITAL GENERAL DE VERACRUZ,SERVICIOS DE SALUD DEL ESTADO,06 T 30 193 0117,2008-12-17,VERACRUZ,30,1,0,0,0,0,1,0,0,0,0,0,0,0,0,1,0,0,0,0,0
INSTITUTO NEFROLOGICO DE TIJUANA S.A DE C.V,PRIVADO,05T020040072,2005-12-09,BAJA CALIFORNIA,02,0,0,0,0,0,0,0,0,0,0,0,0,0,0,1,0,0,0,0,0
HOSPITAL GENERAL IRAPUATO,SERVICIOS DE SALUD DEL ESTADO,13 TR 11 017 0001,2013-10-02,GUANAJUATO,11,1,0,0,0,0,1,0,0,0,0,0,0,0,0,1,0,0,0,0,0
HOSPITAL REAL DE SAN JOSE,PRIVADO,06 T 14 120 0083,2009-12-17,JALISCO,14,1,0,0,0,0,1,1,1,0,1,0,0,0,0,1,0,0,0,0,0
HOSPITAL GENERAL REGIONAL NO. 36,IMSS,06 T 21 114 0074,2010-05-27,PUEBLA,21,1,0,0,0,0,0,0,0,0,0,0,0,0,0,1,0,0,0,0,0
HOSPITAL SANTA MARIA CHAPALITA S.A,PRIVADO,06T141200082,2006-04-17,JALISCO,14,1,0,0,0,0,0,0,0,0,0,0,0,0,0,0,0,0,0,0,0
SANATORIO FLORENCIA S.A DE C.V,PRIVADO,06T151060085,2008-03-07,MÉXICO,15,1,0,0,0,0,1,0,0,0,0,0,0,0,0,1,0,0,0,0,0
HOSPITAL DE GINECOLOGIA Y OBSTETRICIA,SERVICIOS DE SALUD DEL ESTADO,06T151060091,2006-05-30,MÉXICO,15,1,0,0,0,0,0,0,0,0,0,0,0,0,0,0,0,0,0,0,0
INSTITUTO MEDICO DE LA VISION S.A. DE C.V.,PRIVADO,06T090030084,2006-05-11,CIUDAD DE MEXICO,09,0,0,0,0,0,1,0,0,0,0,0,0,0,0,0,0,0,0,0,0
"HOSPITAL REGIONAL DE ALTA ESPECIALIDAD ""CIUDAD SALUD""",SSA,13 TR 07 089 0002,2013-09-20,CHIAPAS,07,1,0,0,0,0,1,0,0,0,0,1,0,0,0,1,0,0,0,0,0
HOSPITAL DE ESPECIALIDADES DE OAXACA,SSA,06T201150099,2006-06-21,OAXACA,20,1,0,0,0,0,1,0,0,0,0,0,0,0,0,1,0,0,0,0,0
HOSPITAL GENERAL DE LOS MOCHIS,SERVICIOS DE SALUD DEL ESTADO,06 T 25 001 0076,2009-01-28,SINALOA,25,1,0,0,0,0,1,0,0,0,0,0,0,0,0,1,0,0,0,0,0
HOSPITAL GENERAL DE URIANGATO,SERVICIOS DE SALUD DEL ESTADO,06T110410077,2006-02-24,GUANAJUATO,11,1,0,0,0,0,0,0,0,0,0,0,0,0,0,1,0,0,0,0,0
"CENTRO MEDICO ""DR. IGNACIO CHAVEZ""",SERVICIOS DE SALUD DEL ESTADO,06T260300079,2006-03-27,SONORA,26,1,0,0,0,0,0,0,0,0,0,0,0,0,0,1,0,0,0,0,0
HOSPITAL REFORMA,PRIVADO,06T200670086,2006-05-19,OAXACA,20,0,0,0,0,0,1,0,0,0,0,0,0,0,0,1,0,0,0,0,0
BANCOS DE TEJIDOS OCULARES DE SAN LUIS POTOSI,SERVICIOS DE SALUD DEL ESTADO,06T240280087,2006-05-23,SAN LUIS POTOSÍ,24,0,0,0,0,0,0,0,0,0,0,0,0,0,0,0,0,0,1,0,0
HOSPITAL GENERAL DE PACHUCA,SERVICIOS DE SALUD DEL ESTADO,06T130480089,2010-08-26,HIDALGO,13,1,0,0,0,0,1,0,0,0,0,0,0,0,0,1,0,0,1,0,0
THE AMERICAN BRITISH COWDRAY MEDICAL CENTER I.A.P (SANTA FE),PRIVADO,06T090050090,2006-05-29,CIUDAD DE MEXICO,09,1,0,0,0,0,1,0,0,0,0,0,0,0,0,0,0,0,0,0,0
LASER OCULAR LOMAS S.C.,PRIVADO,06T090110092,2006-06-02,CIUDAD DE MEXICO,09,0,0,0,0,0,1,0,0,0,0,0,0,0,0,0,0,0,0,0,0
OFTALMOLASER DE OCCIDENTE S.C.,PRIVADO,06T260180093,2006-06-02,SONORA,26,0,0,0,0,0,1,0,0,0,0,0,0,0,0,0,0,0,0,0,0
HOSPITAL GENERAL DE CELAYA,SERVICIOS DE SALUD DEL ESTADO,06T110070101,2006-06-29,GUANAJUATO,11,1,0,0,0,0,0,0,0,0,0,0,0,0,0,0,0,0,0,0,0
MODULO OPTOAUDIOMETRICO DE NAUCALPAN,SERVICIOS DE SALUD DEL ESTADO,06T150570103,2006-07-05,MÉXICO,15,0,0,0,0,0,1,0,0,0,0,0,0,0,0,0,0,0,0,0,0
HOSPITAL GENERAL DE ZACATECAS,SERVICIOS DE SALUD DEL ESTADO,06 T 32 017 0107,2008-07-24,ZACATECAS,32,1,0,0,0,0,1,0,0,0,0,0,0,0,0,1,0,0,0,0,0
"OPERAMED, S.A DE C.V / HOSPITAL VELMAR",PRIVADO,06T02001104,2006-07-07,BAJA CALIFORNIA,02,1,0,0,0,0,0,0,0,0,0,0,0,0,0,1,0,0,0,0,0
HOSPITAL GENERAL TULANCINGO,SERVICIOS DE SALUD DEL ESTADO,06T130770105,2006-07-07,HIDALGO,13,1,0,0,0,0,1,0,0,0,0,0,0,0,0,0,0,0,0,0,0
HOSPITAL DE ESPECIALIDADES PUERTA DE HIERRO S.A DE C.V.,PRIVADO,06 T 14 120 0108,2009-12-15,JALISCO,14,1,0,0,1,1,1,0,1,1,0,1,0,0,0,1,0,0,0,0,0
HOSPITAL GENERAL ZONA NO. 3 DR. HECTOR GONZÁLEZ GUEVARA,IMSS,06T250120116,2006-08-30,SINALOA,25,1,0,0,0,0,0,0,0,0,0,0,0,0,0,1,0,0,0,0,0
HOSPITAL GENERAL DE ECATEPEC DR. JOSÉ MA. RODRÍGUEZ,SERVICIOS DE SALUD DEL ESTADO,06T150330119,2006-09-06,MÉXICO,15,1,0,0,0,0,0,0,0,0,0,0,0,0,0,0,0,0,0,0,0
HOSPITAL DE ESPECIALIDADES PEDIATRICAS,SSA,07 T 071 010 025,2007-05-29,CHIAPAS,07,1,0,0,0,0,1,0,0,0,0,0,0,0,0,1,0,0,0,0,0
INSTITUTO DE ATENCION OFTALMOLOGICA S.C.,PRIVADO,06T161020126,2006-10-09,MICHOACÁN,16,0,0,0,0,0,1,0,0,0,0,0,0,0,0,0,0,0,0,0,0
CENTRO LASER DE QUERETARO S.A DE C.V.,PRIVADO,09 TR 22 014 034,2009-09-07,QUERÉTARO,22,0,0,0,0,0,1,0,0,0,0,0,0,0,0,0,0,0,0,0,0
KERATOS BANCO DE OJOS,PRIVADO,06T160530128,2006-10-23,MICHOACÁN,16,0,0,0,0,0,1,0,0,0,0,0,0,0,0,0,0,0,0,0,0
HOSPITAL SAN JOSE DE QUERETARO S.A DE C.V.,PRIVADO,06T220140129,2006-10-23,QUERÉTARO,22,1,0,0,0,0,0,0,0,0,0,0,0,0,0,1,0,0,0,0,0
HOSPITAL SANTA TERESITA,PRIVADO,06T320560130,2006-10-31,ZACATECAS,32,1,0,0,0,0,0,0,0,0,0,0,0,0,0,1,0,0,0,0,0
HOSPITAL GENERAL FRESNILLO,SERVICIOS DE SALUD DEL ESTADO,06 T 32 010 0132,2006-11-06,ZACATECAS,32,1,0,0,0,0,0,0,0,0,0,0,0,0,0,0,0,0,0,0,0
HOSPITAL GENERAL LA PERLA DE CD. NEZAHUALCOYOTL,SERVICIOS DE SALUD DEL ESTADO,14 TR 15 058 0002,2014-07-31,MÉXICO,15,1,0,0,0,0,1,0,0,0,0,0,0,0,0,1,0,0,0,0,0
HOSPITAL GENERAL DE ZONA 32 'VILLA COAPA',IMSS,06 T 09 004 0140,2006-12-06,CIUDAD DE MEXICO,09,1,0,0,0,0,0,0,0,0,0,0,0,0,0,0,0,0,0,0,0
HOSPITAL GENERAL DE ZONA No. 50,IMSS,06 T 24 028 0142,2006-12-11,SAN LUIS POTOSÍ,24,1,0,0,0,0,1,0,0,0,0,0,0,0,0,1,0,0,0,0,0
CLINICA DE TRASPLANTE DE CORNEAS Y BANCO DE OJOS,PRIVADO,06 T 05 030 0145,2009-06-19,COAHUILA,05,1,0,0,0,0,1,0,0,0,0,0,0,0,0,0,0,0,1,0,0
HOSPITAL GENERAL DE CHIMALHUACAN,SERVICIOS DE SALUD DEL ESTADO,07 T 15 031 0005,2007-01-15,MÉXICO,15,1,0,0,0,0,0,0,0,0,0,0,0,0,0,0,0,0,0,0,0
HOSPITAL MERLOS S.A. DE C.V.,PRIVADO,07 T 09 004 0020,2007-04-23,CIUDAD DE MEXICO,09,1,0,0,0,0,0,0,0,0,0,0,0,0,0,1,0,0,0,0,0
SANATORIO PALMORE A. C.,PRIVADO,07 T 08 019 0021,2008-03-26,CHIHUAHUA,08,1,0,0,0,0,1,0,0,0,0,0,0,0,0,1,0,0,0,0,0
"HOSPITAL GENERAL DE ECATEPEC ""LAS AMERICAS""",SERVICIOS DE SALUD DEL ESTADO,07 T 15 033 0006,2009-11-18,MÉXICO,15,1,0,0,0,0,1,0,0,0,0,0,0,0,0,1,0,0,0,0,0
HOSPITAL GENERAL DE CUAUTITLAN GENERAL JOSE VICENTE VILLADA,SERVICIOS DE SALUD DEL ESTADO,07 T 15 024 0013,2007-02-08,MÉXICO,15,1,0,0,0,0,0,0,0,0,0,0,0,0,0,0,0,0,0,0,0
OHA Sucursal Hospital Ángeles Tijuana,PRIVADO(OHA),07 T 02 004 0030,2009-03-10,BAJA CALIFORNIA,02,1,0,0,0,1,1,0,0,0,0,0,0,0,0,1,0,0,0,0,0
HOSPITAL REGIONAL DE ALTA ESPECIALIDAD DEL BAJIO,SSA,07 TR 11 020 052,2008-04-14,GUANAJUATO,11,1,0,0,0,1,1,0,0,0,0,0,0,0,0,1,0,0,1,0,0
"HOSPITAL GENERAL REGIONAL ""LIC. EMILIO SANCHEZ PIEDRAS""",SERVICIOS DE SALUD DEL ESTADO,07 T 29 038 00 15,2007-03-12,TLAXCALA,29,1,0,0,0,0,0,0,0,0,0,0,0,0,0,1,0,0,0,0,0
"MEDICA IDEAS, S.A. DE C.V.",PRIVADO,07 T 13 048 0039,2010-02-11,HIDALGO,13,1,0,0,0,0,1,0,0,0,0,0,0,0,0,1,0,0,0,0,0
CLINICA OFTALMOLOGICA VISION LASER,PRIVADO,07 T 20 067 0040,2007-07-27,OAXACA,20,0,0,0,0,0,1,0,0,0,0,0,0,0,0,0,0,0,0,0,0
"ARIS VISION INSTITUTE DE CD. JUAREZ, S.C.",PRIVADO,07 T 08 037 0038,2007-07-27,CHIHUAHUA,08,0,0,0,0,0,1,0,0,0,0,0,0,0,0,0,0,0,0,0,0
"HOSPITAL SANTA CECILIA DE MONTERREY, S.A. DE C.V.",PRIVADO,07 T 19 039 0046,2007-08-14,NUEVO LEÓN,19,1,0,0,0,0,0,0,0,0,0,0,0,0,0,1,0,0,0,0,0
"HOSPITAL GENERAL DE ZONA No. 1 ""Dr. Emilio Varela Lujan""",IMSS,07 T 32 056 0029,2007-06-14,ZACATECAS,32,1,0,0,0,0,0,0,0,0,0,0,0,0,0,0,0,0,0,0,0
"EXCIMER LÁSER DE AGUASCALIENTES, S. C.",PRIVADO,07 T 01 001 0031,2007-06-20,AGUASCALIENTES,01,0,0,0,0,0,1,0,0,0,0,0,0,0,0,0,0,0,0,0,0
CENTRO ESTATAL DEL ADULTO MAYOR,SERVICIOS DE SALUD DEL ESTADO,07 TR 05 030 058,2007-10-09,COAHUILA,05,0,0,0,0,0,1,0,0,0,0,0,0,0,0,0,0,0,0,0,0
HOSPITAL INFANTIL DE TLAXCALA,SERVICIOS DE SALUD DEL ESTADO,08 TR 29 002 002,2008-01-18,TLAXCALA,29,0,0,0,0,0,0,0,0,0,0,0,0,0,0,1,0,0,0,0,0
INSTITUTO MEXICANO DE BIOTECNOLOGIA S. C.,PRIVADO,16 TR 14 039 0005,2016-03-08,JALISCO,14,0,0,0,0,0,0,0,0,0,0,0,0,0,0,0,0,0,0,1,1
"CENTRO MEDICO ""LIC. ADOLFO LOPEZ MATEOS"" DE TERCER NIVEL",SERVICIOS DE SALUD DEL ESTADO,15 TR 15 106 0001,2015-07-27,MÉXICO,15,1,0,0,0,1,1,0,0,0,0,0,0,0,0,1,0,0,0,0,0
HOSPITAL GALENIA,PRIVADO,07 TR 23 005 064,2009-05-28,QUINTANA ROO,23,1,0,0,0,0,1,0,1,0,0,0,0,0,0,1,0,0,0,0,0
HOSPITAL GENERAL SALAMANCA,SERVICIOS DE SALUD DEL ESTADO,08 TR 11 027 007,2008-02-11,GUANAJUATO,11,1,0,0,0,0,0,0,0,0,0,0,0,0,0,0,0,0,0,0,0
HOSPITAL DOLORES HIDALGO,SERVICIOS DE SALUD DEL ESTADO,08 TR 11 014 008,2008-02-12,GUANAJUATO,11,1,0,0,0,0,0,0,0,0,0,0,0,0,0,0,0,0,0,0,0
"HOSPITAL DE ESPECIALIDADDES DEL NIÑO Y LA MUJER ""DR. FELIPE NUÑEZ LARA""",SERVICIOS DE SALUD DEL ESTADO,07 TR 22 014 068,2007-12-11,QUERÉTARO,22,1,0,0,0,0,1,0,0,0,0,0,0,0,0,1,0,0,0,0,0
"UNIDAD OFTALMOLOGICA DE PUEBLA, S. C.",PRIVADO,08 TR 21 114 006,2008-02-05,PUEBLA,21,0,0,0,0,0,1,0,0,0,0,0,0,0,0,0,0,0,0,0,0
"PATRONATO BANCO DE OJOS Y TEJIDOS DE AGUASCALIENTES, A.C.",PRIVADO,13 TR 01 001 0002,2013-11-07,AGUASCALIENTES,01,1,0,0,0,0,1,0,0,0,0,0,0,0,0,0,0,0,1,0,0
HOSPITAL GENERAL DE VALLES,SERVICIOS DE SALUD DEL ESTADO,07 T 24 013 0034,2007-07-04,SAN LUIS POTOSÍ,24,1,0,0,0,0,0,0,0,0,0,0,0,0,0,0,0,0,0,0,0
"HOSPITAL GENERAL DE ZONA 1-A ""VENADOS""",IMSS,07 T 09 003 0024,2007-05-18,CIUDAD DE MEXICO,09,1,0,0,0,0,0,0,0,0,0,0,0,0,0,0,0,0,0,0,0
"HOSPITAL GENERAL DE ZONA CON MEDICINA FAMILIAR No. 8 ""DR. GILBERTO FLORES IZQUIERDO""",IMSS,08 TR 09 010 011,2008-03-05,CIUDAD DE MEXICO,09,1,0,0,0,0,0,0,0,0,0,0,0,0,0,0,0,0,0,0,0
CHRISTUS MUGUERZA HOSPITAL SUR,PRIVADO,14 TR 19 039 0006,2014-09-19,NUEVO LEÓN,19,1,0,0,0,1,1,0,1,0,0,1,0,0,1,1,0,0,0,0,0
HOSPITAL ANGELES CULIACAN,PRIVADO(OHA),08 TR 25 006 013,2008-06-12,SINALOA,25,1,0,0,0,0,0,0,0,0,0,0,0,0,0,1,0,0,0,0,0
"CLINICA DE OJOS VIDERE, S.A. DE C.V.",PRIVADO,08 TR 31 050 014,2008-03-25,YUCATÁN,31,1,0,0,0,0,1,0,0,0,0,0,0,0,0,0,0,0,1,0,0
HOSPITAL GENERAL DE ZONA CON MEDICINA FAMILIAR No. 26,IMSS,08 TR 09 015 017,2008-04-01,CIUDAD DE MEXICO,09,1,0,0,0,0,0,0,0,0,0,0,0,0,0,0,0,0,0,0,0
HOSPITAL GENERAL DE ZONA No. 2,IMSS,08 TR 01 001 019,2008-04-03,AGUASCALIENTES,01,1,0,0,0,0,0,0,0,0,0,0,0,0,0,0,0,0,0,0,0
HOSPITAL GENERAL DE ZONA No. 24,IMSS,16 TR 09 005 0003,2016-04-11,CIUDAD DE MEXICO,09,1,0,0,0,0,0,0,0,0,0,0,0,0,0,0,0,0,0,0,0
HOSPITAL GENERAL DR. FELIPE G. DOBARGANES,SERVICIOS DE SALUD DEL ESTADO,08 TR 11 003 021,2008-04-30,GUANAJUATO,11,1,0,0,0,0,0,0,0,0,0,0,0,0,0,0,0,0,0,0,0
HOSPITAL GUANAJUATO,SERVICIOS DE SALUD DEL ESTADO,08 TR 11 015 022,2008-04-30,GUANAJUATO,11,1,0,0,0,0,0,0,0,0,0,0,0,0,0,0,0,0,0,0,0
HOSPITAL GENERAL DE ZONA No. 30 IZTACALCO,IMSS,08 TR 09 006 023,2008-05-09,CIUDAD DE MEXICO,09,1,0,0,0,0,0,0,0,0,0,0,0,0,0,0,0,0,0,0,0
"CENTRO HOSPITALARIO DE AGUASCALIENTES, S.A. DE C.V.",PRIVADO,08 TR 01 001 024,2008-05-12,AGUASCALIENTES,01,1,0,0,0,0,0,0,0,0,0,0,0,0,0,0,0,0,0,0,0
AMERIMED AMERICAN HOSPITALS,PRIVADO,08 TR 23 005 025,2008-10-13,QUINTANA ROO,23,1,0,0,0,0,1,0,0,0,0,0,0,0,0,1,0,0,0,0,0
HOSPITAL GENERAL DE GUASAVE,SERVICIOS DE SALUD DEL ESTADO,07 T 25 011 0017,2007-03-23,SINALOA,25,1,0,0,0,0,0,0,0,0,0,0,0,0,0,0,0,0,0,0,0
HOSPITAL GENERAL DE MAZATLAN ¨Dr. Martiniano Carvajal¨,SERVICIOS DE SALUD DEL ESTADO,07 T 25 012 0018,2012-02-29,SINALOA,25,1,0,0,0,0,0,0,0,0,0,0,0,0,0,0,0,0,0,0,0
HOSPITAL PEDIATRICO DE SINALOA,SERVICIOS DE SALUD DEL ESTADO,07 T 25 006 0019,2007-04-13,SINALOA,25,1,0,0,0,0,0,0,0,0,0,0,0,0,0,0,0,0,0,0,0
HOSPITAL REGIONAL DEL SUROESTE,SERVICIOS DE SALUD DEL ESTADO,08 TR 11 023 035,2008-08-18,GUANAJUATO,11,1,0,0,0,0,0,0,0,0,0,0,0,0,0,0,0,0,0,0,0
"CLINICA DE MERIDA, S.A. DE C.V.",PRIVADO,07 T 31 050 0023,2007-05-11,YUCATÁN,31,1,0,0,0,0,1,0,0,0,0,0,0,0,0,1,0,0,0,0,0
"HOSPITAL FATIMA, S.A. DE C.V.",PRIVADO,07 T 25 001 0033,2009-01-26,SINALOA,25,1,0,0,0,0,1,0,0,0,0,0,0,0,0,1,0,0,0,0,0
HOSPITAL GENERAL REGIONAL No. 6,IMSS,07 T 28 009 0035,2007-07-06,TAMAULIPAS,28,1,0,0,0,0,0,0,0,0,0,0,0,0,0,1,0,0,0,0,0
"FUNDACIÓN OFTALMOLÓGICA MORELIA, S.A. DE C.V.",PRIVADO,07 T 16 053 0041,2007-08-03,MICHOACÁN,16,0,0,0,0,0,1,0,0,0,0,0,0,0,0,0,0,0,0,0,0
HOSPITAL GENERAL DE ZONA MAS MEDICINA FAMILIAR No. 1,IMSS,16 TR 03 003 0001,2016-11-16,BAJA CALIFORNIA SUR,03,1,0,0,0,0,1,0,0,0,0,0,0,0,0,1,0,0,0,0,0
"HOSPITAL GENERAL DE CUERNAVACA ""DR. JOSÉ G. PARRES""",SERVICIOS DE SALUD DEL ESTADO,07 TR 17 007 060,2011-05-19,MORELOS,17,1,0,0,0,0,0,0,0,0,0,0,0,0,0,1,0,0,0,0,0
HOSPITAL GENERAL DE CIUDAD OBREGON,SERVICIOS DE SALUD DEL ESTADO,07 TR 26 018 067,2008-12-01,SONORA,26,1,0,0,0,0,0,0,0,0,0,0,0,0,0,0,0,0,0,0,0
HOSPITAL GENERAL DE SAN JUAN DEL RÍO,SERVICIOS DE SALUD DEL ESTADO,14 TR 22 016 0001,2014-03-06,QUERÉTARO,22,1,0,0,0,0,1,0,0,0,0,0,0,0,0,1,0,0,0,0,0
HOSPITAL GENERAL DE ZONA CON MEDICINA FAMILIAR No. 1,IMSS,08 TR 24 028 031,2008-07-14,SAN LUIS POTOSÍ,24,1,0,0,0,0,0,0,0,0,0,0,0,0,0,0,0,0,0,0,0
HOSPITAL GENERAL REGIONAL No. 196 FIDEL VELAZQUEZ SANCHEZ,IMSS,08 TR 15 033 033,2011-08-31,MÉXICO,15,1,0,0,0,0,1,0,0,0,0,0,0,0,0,0,0,0,0,0,0
"CHRISTUS MUGUERZA HOSPITAL CONCHITA, S.A. DE C.V.",PRIVADO,13 TR 19 039 0004,2013-11-22,NUEVO LEÓN,19,1,0,0,0,0,0,0,1,0,0,0,0,0,0,0,0,0,0,0,0
HOSPITAL MILITAR REGIONAL DE IRAPUATO GTO.,SEDENA,08 TR 11 017 034,2008-07-24,GUANAJUATO,11,1,0,0,0,0,0,0,0,0,0,0,0,0,0,0,0,0,0,0,0
"HOSPITAL SAN AGUSTIN, S.A. DE C.V.",PRIVADO,08 TR 32 017 036,2008-08-25,ZACATECAS,32,1,0,0,0,0,0,0,0,0,0,0,0,0,0,1,0,0,0,0,0
BANCO ESTATAL DE TEJIDOS,SERVICIOS DE SALUD DEL ESTADO,08 TR 15 106 038,2008-09-24,MÉXICO,15,0,1,0,0,0,0,0,0,0,0,0,0,0,0,0,0,0,1,1,1
"UNIDAD DE DIAGNOSTICO Y TRATAMIENTO OFTALMOLOGICO, S. C.",PRIVADO,08 TR 14 039 043,2008-10-17,JALISCO,14,0,0,0,0,0,1,0,0,0,0,0,0,0,0,0,0,0,0,0,0
HOSPITAL GENERAL DE ZONA No. 33,IMSS,08 TR 19 039 040,2008-10-03,NUEVO LEÓN,19,1,0,0,0,0,1,0,0,0,0,0,0,0,0,1,0,0,0,0,0
"OFTALMOLASER QUIRURGICO, S. A. DE C. V.",PRIVADO,08 TR 19 039 042,2008-10-08,NUEVO LEÓN,19,0,0,0,0,0,1,0,0,0,0,0,0,0,0,0,0,0,0,0,0
INSTITUTO NACIONAL DE REHABILITACION,SSA,14 TR 09 012 0006,2014-04-02,CIUDAD DE MEXICO,09,1,0,0,0,0,1,0,1,0,1,0,0,1,0,0,0,0,1,1,1
"OPERADORA DE HOSPITALES ANGELES, S.A. DE C.V. Sucursal Chihuahua",PRIVADO(OHA),09 TR 08 037 024,2009-07-13,CHIHUAHUA,08,1,0,0,0,0,1,0,0,0,0,1,0,0,0,1,0,0,0,0,0
"HOSPITAL GENERAL REYNOSA ""DR. JOSE MA. CANTU GARZA""",SERVICIOS DE SALUD DEL ESTADO,08 TR 28 032 050,2008-10-31,TAMAULIPAS,28,1,0,0,0,0,1,0,0,0,0,0,0,0,0,1,0,0,0,0,0
"HOSPITAL GENERAL REGIONAL No. 72 ""DR. VICENTE SANTOS GUAJARDO""",IMSS,08 TR 15 104 051,2008-11-03,MÉXICO,15,1,0,0,0,0,0,0,0,0,0,0,0,0,0,0,0,0,0,0,0
HOSPITAL GENERAL DE NUEVO LAREDO,SERVICIOS DE SALUD DEL ESTADO,08 TR 28 027 052,2008-11-05,TAMAULIPAS,28,1,0,0,0,0,1,0,0,0,0,0,0,0,0,1,0,0,0,0,0
"FUNDACIÓN SANTOS Y DE LA GARZA EVIA, I.B.P. CENTRO DE CIRUGIA AMBULATORIA",PRIVADO,08 TR 19 039 057,2008-12-16,NUEVO LEÓN,19,0,0,0,0,0,1,0,0,0,0,0,0,0,0,0,0,0,1,0,0
"HOSPITAL SANTE, S. A. DE C. V.",PRIVADO,09 TR 10 005 003,2009-01-28,DURANGO,10,1,0,0,0,0,1,0,0,0,0,0,0,0,0,0,0,0,0,0,0
VISION CENTER S. DE R. L. DE C. V.,PRIVADO,09 TR 08 037 001,2009-01-22,CHIHUAHUA,08,0,0,0,0,0,1,0,0,0,0,0,0,0,0,0,0,0,0,0,0
HOSPITAL LOMAS DE SAN LUIS INTERNACIONAL,PRIVADO,09 TR 24 028 002,2009-01-26,SAN LUIS POTOSÍ,24,1,0,0,0,0,1,0,1,0,0,0,0,0,0,1,0,0,0,0,0
"CLINICA DE OFTALMOLOGIA DE CHIHUAHUA, S. A. DE C. V.",PRIVADO,09 TR 08 019 004,2009-02-04,CHIHUAHUA,08,0,0,0,0,0,1,0,0,0,0,0,0,0,0,0,0,0,0,0,0
HOSPITAL GENERAL DE MATAMOROS DR. ALFREDO PUMAREJO LAFAURIE,SERVICIOS DE SALUD DEL ESTADO,09 TR 28 022 005,2009-02-10,TAMAULIPAS,28,1,0,0,0,0,1,0,0,0,0,0,0,0,0,1,0,0,0,0,0
CLINICA OFTALMOLOGICA ARBOLEDAS,PRIVADO,09 TR 07 101 006,2009-02-16,CHIAPAS,07,0,0,0,0,0,1,0,0,0,0,0,0,0,0,0,0,0,0,0,0
"HOSPITAL GENERAL REGIONAL CON UMAA No. 2 ""VILLA COAPA""",IMSS,09 TR 09 003 007,2009-02-17,CIUDAD DE MEXICO,09,1,0,0,0,0,0,0,0,0,0,0,0,0,0,0,0,0,0,0,0
"HOSPITAL GENERAL DE ZONA 2-A ""FRANCISCO DEL PASO Y TRONCOSO""",IMSS,09 TR 09 006 009,2009-03-23,CIUDAD DE MEXICO,09,1,0,0,0,0,0,0,0,0,0,0,0,0,0,0,0,0,0,0,0
HOSPITAL INFANTIL DEL ESTADO DE SONORA,SERVICIOS DE SALUD DEL ESTADO,09 TR 26 030 010,2009-03-23,SONORA,26,1,0,0,0,0,0,0,0,0,0,0,0,0,0,0,0,0,0,0,0
HOSPITAL REGIONAL DE ALTA ESPECIALIDAD DE CD. VICTORIA VICENTENARIO 2010,SSA,17 TR 28 041 0001,2017-01-26,TAMAULIPAS,28,1,0,0,0,0,1,0,1,0,0,0,0,0,0,1,0,0,0,0,0
HOSPITAL GENERAL DE LERDO,SERVICIOS DE SALUD DEL ESTADO,09 TR 10 012 014,2009-05-12,DURANGO,10,1,0,0,0,0,0,0,0,0,0,0,0,0,0,0,0,0,0,0,0
HOSPITAL HMG COYOACAN,PRIVADO,09 TR 09 003 017,2009-05-21,CIUDAD DE MEXICO,09,1,0,0,0,0,0,0,0,0,0,0,0,0,0,1,0,0,0,0,0
CENTRO OFTALMOLOGICO DE ESPECIALIDADES S.A. DE C.V.,PRIVADO,09 TR 17 007 016,2009-05-13,MORELOS,17,0,0,0,0,0,1,0,0,0,0,0,0,0,0,0,0,0,0,0,0
HOSPITAL GENERAL DE SANTA MARIA DEL ORO,SERVICIOS DE SALUD DEL ESTADO,09 TR 10 018 015,2009-05-12,DURANGO,10,1,0,0,0,0,0,0,0,0,0,0,0,0,0,0,0,0,0,0,0
"HOSPITAL DE LA MUJER, S.A. DE C.V.",PRIVADO,12 TR 02 002 0001,2012-12-14,BAJA CALIFORNIA,02,1,0,0,0,0,0,0,0,0,0,0,0,0,0,1,0,0,0,0,0
HOSPITAL CIVIL DE CIUDAD VICTORIA,SERVICIOS DE SALUD DEL ESTADO,09 TR 28 041 019,2009-05-27,TAMAULIPAS,28,1,0,0,0,0,0,0,0,0,0,0,0,0,0,0,0,0,0,0,0
HOSPITAL DEL NIÑO DIF HIDALGO,SERVICIOS DE SALUD DEL ESTADO,17 TR 13 048 0001,2017-05-03,HIDALGO,13,1,0,0,0,0,0,0,0,0,0,0,0,0,0,0,0,0,0,0,0
"OPERADORA DE HOSPITALES ANGELES, S.A. DE C.V.",PRIVADO(OHA),09 TR 09 005 022,2009-06-22,CIUDAD DE MEXICO,09,1,0,0,0,0,0,0,0,0,0,0,0,0,0,1,0,0,0,0,0
"STAR MEDICA, S.A. DE C.V. (Aguascalientes)",PRIVADO,09 TR 01 001 025,2009-07-17,AGUASCALIENTES,01,1,0,0,0,0,0,0,0,0,0,0,0,0,0,1,0,0,0,0,0
"ARIS VISION INSTITUTE DE CD. CHIHUAHUA, S.C.",PRIVADO,09 TR 08 019 026,2009-08-04,CHIHUAHUA,08,0,0,0,0,0,1,0,0,0,0,0,0,0,0,0,0,0,0,0,0
HOSPITAL CIVIL MATERNO INFANTIL,SERVICIOS DE SALUD DEL ESTADO,09 TR 28 027 031,2009-08-14,TAMAULIPAS,28,1,0,0,0,0,0,0,0,0,0,0,0,0,0,0,0,0,0,0,0
"ASOCIACIÓN ALE, INSTITUCIOÓN DE ASISTENCIA PRIVADA",PRIVADO,09 TR 25 001 038,2009-10-21,SINALOA,25,0,0,0,0,0,0,0,0,0,0,0,0,0,0,0,0,0,1,0,0
OHA Sucursal Hospital Angeles Puebla,PRIVADO(OHA),09 TR 21 114 041,2009-11-20,PUEBLA,21,1,0,0,0,0,1,0,0,0,0,0,0,0,0,1,0,0,0,0,0
"LASER VISION, S.A. DE .C.V.",PRIVADO,09 TR 15 054 043,2009-11-24,MÉXICO,15,0,0,0,0,0,1,0,0,0,0,0,0,0,0,0,0,0,0,0,0
"LASIKVISION CENTER DE TABASCO, S.A. DE C.V.",PRIVADO,09 TR 27 004 040,2009-11-05,TABASCO,27,0,0,0,0,0,1,0,0,0,0,0,0,0,0,0,0,0,0,0,0
HOSPITAL DEL NIÑO MORELENSE,SERVICIOS DE SALUD DEL ESTADO,09 TR 17 007 045,2009-12-04,MORELOS,17,1,0,0,0,0,0,0,0,0,0,0,0,0,0,1,0,0,0,0,0
"OFTALMOLASER DE MEXICO, S. A. DE C. V.",PRIVADO,09 TR 09 016 049,2009-12-17,CIUDAD DE MEXICO,09,0,0,0,0,0,1,0,0,0,0,0,0,0,0,0,0,0,0,0,0
"SANATORIO HIDALGO DE TOLUCA, S. A.",PRIVADO,10 TR 15 106 002,2010-02-03,MÉXICO,15,1,0,0,0,0,1,0,0,0,0,0,0,0,0,1,0,0,0,0,0
OFTALMOLASER DE MEXICO S.A. DE C.V.,PRIVADO,10 TR 09 015 004,2010-02-23,CIUDAD DE MEXICO,09,0,0,0,0,0,1,0,0,0,0,0,0,0,0,0,0,0,0,0,0
"OPERADORA DE HOSPITALES ANGELES, S.A. DE C.V.",PRIVADO(OHA),10 TR 09 015 005,2010-03-10,CIUDAD DE MEXICO,09,1,0,0,0,0,0,0,0,0,0,0,0,0,0,1,0,0,0,0,0
HOSPITAL REGIONAL MINATITLAN DE PETROLEOS MEXICANOS,PEMEX,10 TR 30 108 007,2010-03-26,VERACRUZ,30,1,0,0,0,0,0,0,0,0,0,0,0,0,0,0,0,0,0,0,0
HOSPITAL REGIONAL POZA RICA,PEMEX,10 TR 30 131 008,2010-03-26,VERACRUZ,30,1,0,0,0,0,0,0,0,0,0,0,0,0,0,0,0,0,0,0,0
HOSPITAL REGIONAL REYNOSA,PEMEX,10 TR 28 032 009,2010-03-26,TAMAULIPAS,28,1,0,0,0,0,0,0,0,0,0,0,0,0,0,0,0,0,0,0,0
HOSPITAL REGIONAL DE SALAMANCA DE PETROLEOS MEXICANOS,PEMEX,10 TR 11 027 010,2010-03-29,GUANAJUATO,11,1,0,0,0,0,0,0,0,0,0,0,0,0,0,0,0,0,0,0,0
HOSPITAL REGIONAL VILLAHERMOSA,PEMEX,10 TR 27 001 011,2010-04-29,TABASCO,27,1,0,0,0,0,0,0,0,0,0,0,0,0,0,0,0,0,0,0,0
"LASIK VISION CENTER DE CHIAPAS, S.C.",PRIVADO,10 TR 07 101 012,2010-05-17,CHIAPAS,07,0,0,0,0,0,1,0,0,0,0,0,0,0,0,0,0,0,0,0,0
HOSPITAL GENERAL DR. AGUSTIN O'HORAN,SERVICIOS DE SALUD DEL ESTADO,10 TR 31 050 014,2011-08-08,YUCATÁN,31,1,0,0,0,0,1,0,0,0,0,0,0,0,0,1,0,0,0,0,0
"CLINICA DEL MAR DE MAZATLAN, S.A. DE C.V.",PRIVADO,10 TR 25 012 016,2010-06-21,SINALOA,25,1,0,0,0,0,0,0,0,0,0,0,0,0,0,1,0,0,0,0,0
HOSPITAL REGIONAL PEMEX CD. MADERO,PEMEX,10 TR 28 009 018,2010-08-20,TAMAULIPAS,28,1,0,0,0,0,0,0,0,0,0,0,0,0,0,0,0,0,0,0,0
OFTALMICA LASER,PRIVADO,17 TR 27 004 0001,2017-05-30,TABASCO,27,0,0,0,0,0,1,0,0,0,0,0,0,0,0,0,0,0,0,0,0
"HOSPITAL GENERAL ""LA PIEDAD""",SERVICIOS DE SALUD DEL ESTADO,10 TR 16 069 020,2010-08-25,MICHOACÁN,16,1,0,0,0,0,0,0,0,0,0,0,0,0,0,0,0,0,0,0,0
CENTRO OFTALMOLOGICO DEL NORESTE,PRIVADO,10TR28032022,2010-12-14,TAMAULIPAS,28,0,0,0,0,0,1,0,0,0,0,0,0,0,0,0,0,0,0,0,0
HOSPITAL GENERAL DE ZAMORA,SERVICIOS DE SALUD DEL ESTADO,10TR16108024,2010-12-20,MICHOACÁN,16,1,0,0,0,0,0,0,0,0,0,0,0,0,0,0,0,0,0,0,0
MEDICA QUIRUGICA AMBULATORIA S.A.,PRIVADO,10TR24028023,2010-12-16,SAN LUIS POTOSÍ,24,0,0,0,0,0,1,0,0,0,0,0,0,0,0,0,0,0,0,0,0
FACO LASER CENTRO DE OFTALMOLOGIA AVANZADA S.C.,PRIVADO,11 TR 09 014 001,2011-01-14,CIUDAD DE MEXICO,09,0,0,0,0,0,1,0,0,0,0,0,0,0,0,0,0,0,0,0,0
"CENTRO ESTATAL DE CANCEROLOGIA ""DR. MIGUEL DORANTES MESA""",SERVICIOS DE SALUD DEL ESTADO,11 TR 30 087 002,2011-01-27,VERACRUZ,30,1,0,0,0,0,0,0,0,0,0,0,0,0,0,0,0,0,0,0,0
ULTRA LASER S.A. DE C.V.,PRIVADO,11 TR 15 106 005,2011-02-18,MÉXICO,15,0,0,0,0,0,1,0,0,0,0,0,0,0,0,0,0,0,0,0,0
HOSPITAL DE LA MUJER,SERVICIOS DE SALUD DEL ESTADO,13 TR 16 053 0002,2013-06-10,MICHOACÁN,16,1,0,0,0,0,1,0,0,0,0,0,0,0,0,1,0,0,0,0,0
INSTITUTO DE LA VISION DR. MENDEZ S.C.,PRIVADO,11 TR 02 004 015,2011-06-14,BAJA CALIFORNIA,02,0,0,0,0,0,1,0,0,0,0,0,0,0,0,0,0,0,1,0,0
CLINICA QUERETARO S.C.,PRIVADO,11 TR 22 014 013,2011-06-03,QUERÉTARO,22,0,0,0,0,0,1,0,0,0,0,0,0,0,0,0,0,0,0,0,0
STAR MEDICA LUNA PARC,PRIVADO,11 TR 15 121 012,2011-06-02,MÉXICO,15,1,0,0,0,1,1,0,0,0,0,0,0,0,0,1,0,0,0,0,0
STAR MEDICA S.A. DE C.V.,PRIVADO,11 TR 15 058 014,2011-06-13,MÉXICO,15,1,0,0,0,0,0,0,0,0,0,0,0,0,0,1,0,0,0,0,0
"HOSPITAL GENERAL ZACATECAS ""LUZ GONZALEZ COSIO""",SERVICIOS DE SALUD DEL ESTADO,12 TR 32 056 0001,2012-09-13,ZACATECAS,32,1,0,0,0,0,1,0,0,0,0,0,0,0,0,1,0,0,0,0,0
HOSPITAL GENERAL DE MARAVATIO,SERVICIOS DE SALUD DEL ESTADO,11 TR 16 050 020,2011-06-28,MICHOACÁN,16,1,0,0,0,0,0,0,0,0,0,0,0,0,0,0,0,0,0,0,0
CLINICA HOSPITAL CEMAIN S.A. DE C.V.,PRIVADO,11TR 28 038 022,2011-08-01,TAMAULIPAS,28,1,0,0,0,0,0,0,0,0,0,0,0,0,0,1,0,0,0,0,0
"HOSPITAL GENERAL DE NAUCALPAN ""DR. MAXIMILIANO  RUIZ CASTAÑEDA""",SERVICIOS DE SALUD DEL ESTADO,11TR 15 057 025,2011-08-31,MÉXICO,15,1,0,0,0,0,0,0,0,0,0,0,0,0,0,0,0,0,0,0,0
"HOSPITAL INFANTIL DE MORELIA ""EVA SAMANO DE LOPEZ MATEOS""",SERVICIOS DE SALUD DEL ESTADO,11 TR 16 053 029,2011-10-25,MICHOACÁN,16,1,0,0,0,0,0,0,0,0,0,0,0,0,0,0,0,0,0,0,0
HOSPITAL GENERAL NAVAL DE ALTA ESPECIALIDAD,SEMAR,14 TR 09 003 0003,2014-06-30,CIUDAD DE MEXICO,09,1,0,0,0,0,1,0,0,0,0,0,0,0,0,1,0,0,0,0,0
HOSPITAL REGIONAL DE ALTA ESPECIALIDAD DE LA PENINSULA DE YUCATAN,SSA,12 TR 31 050 002,2012-02-29,YUCATÁN,31,1,0,0,0,0,1,0,0,0,0,1,0,0,0,1,0,0,0,0,0
HOSPITAL GENERAL SALAMANCA,SERVICIOS DE SALUD DEL ESTADO,12 TR 11 027 006,2012-04-23,GUANAJUATO,11,1,0,0,0,0,0,0,0,0,0,0,0,0,0,0,0,0,0,0,0
PROGENCELL S DE RL DE CV,PRIVADO,14 TR 02 004 0008,2014-05-14,BAJA CALIFORNIA,02,1,0,0,0,0,0,0,0,0,0,0,0,0,0,0,0,0,0,0,0
CLINICA INTEGRAL OFTALMICA,PRIVADO,12 TR 18 017 008,2012-06-12,NAYARIT,18,0,0,0,0,0,1,0,0,0,0,0,0,0,0,0,0,0,0,0,0
HOSPITAL GENERAL DE OCCIDENTE,SERVICIOS DE SALUD DEL ESTADO,12 TR 14  120 0001,2012-08-01,JALISCO,14,1,0,0,0,0,1,0,0,0,0,0,0,0,0,1,0,0,0,0,0
HOSPITAL PUERTA DE HIERRO SUR ,PRIVADO,12 TR 14 097 010,2012-06-26,JALISCO,14,1,0,0,0,1,1,0,1,0,0,1,0,0,0,1,0,0,0,0,0
DOCTORS HOSPITAL,PRIVADO,12 TR 19 039 009,2012-06-11,NUEVO LEÓN,19,1,0,0,0,1,1,0,1,0,0,1,0,0,1,1,0,0,0,0,0
HOSPITAL REGIONAL DE ALTA ESPECIALIDAD DE ZUMPANGO,SERVICIOS DE SALUD DEL ESTADO,14 TR 15 120 0002,2014-06-03,MÉXICO,15,1,0,0,0,0,1,0,0,0,0,0,0,0,0,1,0,0,0,0,0
HOSPITAL GENERAL TENANCINGO MIGUEL HIDALGO Y COSTILLA,SERVICIOS DE SALUD DEL ESTADO,12 tr 15 088 0001,2012-07-26,MÉXICO,15,1,0,0,0,0,0,0,0,0,0,0,0,0,0,0,0,0,0,0,0
HOSPITAL GENERAL REGIONAL DR. RAFAEL PASCACIO GAMBOA,SERVICIOS DE SALUD DEL ESTADO,12 TR 07 101 0001,2012-08-08,CHIAPAS,07,1,0,0,0,0,1,0,0,0,0,0,0,0,0,0,0,0,0,0,0
"ISR BANCO DE OJOS MEXICO, A.C.",PRIVADO,12 TR  09 012 0002,2012-08-27,CIUDAD DE MEXICO,09,0,0,0,0,0,0,0,0,0,0,0,0,0,0,0,0,0,1,0,0
HOSPITAL GENERAL DE ZONA CON U.M.A.A. No. 48 SAN PEDRO XALPA,IMSS,12 TR 09 002 0001,2012-10-09,CIUDAD DE MEXICO,09,1,0,0,0,0,1,0,0,0,0,0,0,0,0,1,0,0,0,0,0
HOSPITAL GENERAL DR. RAYMUNDO ABARCA ALARCON,SERVICIOS DE SALUD DEL ESTADO,12 TR 12 075 0001,2012-10-26,GUERRERO,12,1,0,0,0,0,0,0,0,0,0,0,0,0,0,0,0,0,0,0,0
HOSPITAL GENERAL DE ZONA NO. 11,IMSS,14 TR 30 087 0002,2014-09-29,VERACRUZ,30,1,0,0,0,0,0,0,0,0,0,0,0,0,0,1,0,0,0,0,0
EYE CENTER S.C.,PRIVADO,13 TR 02 002 0002,2013-01-10,BAJA CALIFORNIA,02,0,0,0,0,0,1,0,0,0,0,0,0,0,0,0,0,0,0,0,0
HOSPITAL GENERAL DE ZONA C/MF NO. 2 IMSS,IMSS,13 TR 05 030 0001,2013-01-14,COAHUILA,05,1,0,0,0,0,0,0,0,0,0,0,0,0,0,0,0,0,0,0,0
CLINICA GUADALUPE,PRIVADO,13 TR 07 089 0001,2013-02-22,CHIAPAS,07,0,0,0,0,0,1,0,0,0,0,0,0,0,0,0,0,0,0,0,0
HOSPITAL GENERAL DE ZONA  CON MEDICINA FAMILIAR 1 IGNACIO GARCIA TELLEZ,IMSS,13 TR 10 005 0001,2013-03-01,DURANGO,10,1,0,0,0,0,1,0,0,0,0,0,0,0,0,1,0,0,0,0,0
HOSPITAL GENERAL REGIONAL No. 200,IMSS,13 TR 15 081 0001,2013-03-13,MÉXICO,15,1,0,0,0,0,0,0,0,0,0,0,0,0,0,1,0,0,0,0,0
CENTRAL DE ESPECIALIDADES MEDICAS DE LA PAZ S.A. DE C.V.,PRIVADO,13 TR 03 003 0001,2013-05-15,BAJA CALIFORNIA SUR,03,0,0,0,0,0,1,0,0,0,0,0,0,0,0,0,0,0,0,0,0
HOSPITAL GENERAL DE TEXCOCO GUADALUPE VICTORIA BICENTENARIO,SERVICIOS DE SALUD DEL ESTADO,13 TR 15 099 0001,2013-05-20,MÉXICO,15,1,0,0,0,0,0,0,0,0,0,0,0,0,0,0,0,0,0,0,0
HOSPITAL GENERAL DE IXTAPAN DE LA SAL,SERVICIOS DE SALUD DEL ESTADO,13 TR 15 040 0001,2013-06-07,MÉXICO,15,1,0,0,0,0,0,0,0,0,0,0,0,0,0,0,0,0,0,0,0
INSTITUTO DE OFTALMOLOGIA DE BAJA CALIFORNIA S.C.,PRIVADO,13 TR 02 004 0004,2013-05-08,BAJA CALIFORNIA,02,0,0,0,0,0,1,0,0,0,0,0,0,0,0,0,0,0,0,0,0
VISTAR CLINICA OFTALMOLOGICA,PRIVADO,13 TR 08 037 0001,2013-07-16,CHIHUAHUA,08,0,0,0,0,0,1,0,0,0,0,0,0,0,0,0,0,0,0,0,0
VISION CIRUGIA AMBULATORIA S.C.,PRIVADO,13 TR 19 039 0003,2013-09-02,NUEVO LEÓN,19,0,0,0,0,0,1,0,0,0,0,0,0,0,0,0,0,0,0,0,0
HOSPITAL GENERAL DE ZONA No. 46,IMSS,13 TR 14 039 0004,2013-08-26,JALISCO,14,1,0,0,0,0,1,0,0,0,0,0,0,0,0,1,0,0,0,0,0
HOSPITAL GENERAL DE ZONA C/U M.A.  No. 46,IMSS,13 TR 27 004 0001,2013-09-06,TABASCO,27,1,0,0,0,0,0,0,0,0,0,0,0,0,0,1,0,0,0,0,0
"CLINICA RHENALS OFTALMOLOGICA Y CIRUGIA PLASTICA, A.C.",PRIVADO,13 TR 09 015 0003,2013-10-24,CIUDAD DE MEXICO,09,0,0,0,0,0,1,0,0,0,0,0,0,0,0,0,0,0,0,0,0
HOSPITAL GENERAL IXTLAHUACA VALENTIN GOMEZ FARIAS,SERVICIOS DE SALUD DEL ESTADO,13 TR 15 042 0001,2013-08-27,MÉXICO,15,1,0,0,0,0,0,0,0,0,0,0,0,0,0,0,0,0,0,0,0
HOSPITAL GENERAL JILOTEPEC,SERVICIOS DE SALUD DEL ESTADO,13 TR 15 045 0001,2013-10-07,MÉXICO,15,1,0,0,0,0,0,0,0,0,0,0,0,0,0,0,0,0,0,0,0
HOSPITAL GENERAL REGIONAL No. 1,IMSS,15 TR 30 118 0001,2015-03-12,VERACRUZ,30,1,0,0,0,0,0,0,0,0,0,0,0,0,0,0,0,0,0,0,0
HOSPITAL GENERAL DE ZONA CON MEDICINA FAMILIAR No. 1,IMSS,13 TR 13 048 0001,2013-11-21,HIDALGO,13,1,0,0,0,0,1,0,0,0,0,0,0,0,0,0,0,0,0,0,0
CENTRO MEDICO  ZAMBRANO HELLION,PRIVADO,13 TR 19 019 0001,2013-10-22,NUEVO LEÓN,19,1,0,0,0,1,1,0,1,0,0,0,0,0,0,1,0,0,0,0,0
HOSPITAL GENERAL ISSSTE LA PAZ,ISSSTE,13 TR 03 003 0002,2013-12-11,BAJA CALIFORNIA SUR,03,1,0,0,0,0,0,0,0,0,0,0,0,0,0,1,0,0,0,0,0
ACTIVIDADES MEDICO QUIRURGICAS S.A. DE C.V.,PRIVADO,13 TR 09 016 0002,2013-11-04,CIUDAD DE MEXICO,09,1,0,0,0,0,0,0,0,0,0,0,0,0,0,1,0,0,0,0,0
SANATORIO SAN FRANCISCO DE ASIS S.A. DE C.V.,PRIVADO,13 TR 14 039 0006,2013-12-03,JALISCO,14,1,0,0,0,0,1,0,1,0,0,0,0,0,0,1,0,0,0,0,0
LASER VISION S.A. DE C.V,PRIVADO,13 TR 15 057 0002,2013-12-02,MÉXICO,15,0,0,0,0,0,1,0,0,0,0,0,0,0,0,0,0,0,0,0,0
MEDICA TEC 100 S.A. DE C.V ,PRIVADO,14 TR 22 014 0002,2014-01-31,QUERÉTARO,22,1,0,0,0,0,1,0,0,0,0,0,0,0,0,1,0,0,0,0,0
OFTALMOLOGIA POTOSINA AVANZADA S.A. DE C.V,PRIVADO,13 TR 24 028 0002,2013-12-16,SAN LUIS POTOSÍ,24,0,0,0,0,0,1,0,0,0,0,0,0,0,0,0,0,0,0,0,0
HOSPITAL REGIONAL DE ALTA ESPECIALIDAD DE IXTAPALUCA,SSA,14 TR 15 039 0002,2014-08-08,MÉXICO,15,1,0,0,0,1,1,0,0,0,0,0,0,0,1,1,1,0,1,1,1
CLINICA DEL CENTRO S. A. DE C. V. ,PRIVADO,14 TR 08 019 0004,2014-04-04,CHIHUAHUA,08,1,0,0,0,0,1,0,0,0,0,0,0,0,0,1,0,0,0,0,0
CENTRO MEXICANO DE ALTA ESPECIALIDAD EN OFTALMOLOGIA I. A. P. ,PRIVADO,14 TR 13 048 0002,2014-05-23,HIDALGO,13,0,0,0,0,0,1,0,0,0,0,0,0,0,0,0,0,0,0,0,0
HOSPITAL STAR MEDICA LOMAS VERDES,PRIVADO,15 TR 15 057 0001,2015-01-21,MÉXICO,15,0,0,0,0,0,0,0,0,0,0,0,0,0,0,1,0,0,0,0,0
HOSPITAL MATERNO PERINATAL MONICA PRETELINI,SERVICIOS DE SALUD DEL ESTADO,14 TR 15 106 0003,2014-09-26,MÉXICO,15,1,0,0,0,0,0,0,0,0,0,0,0,0,0,0,0,0,0,0,0
SANATORIO COVADONGA,PRIVADO,14 TR 30 044 0001,2014-11-24,VERACRUZ,30,1,0,0,0,0,0,0,0,0,0,0,0,0,0,1,0,0,0,0,0
CENTRO MEDICO SAN DIEGO,PRIVADO,14 TR 17 006 0001,2014-12-16,MORELOS,17,0,0,0,0,0,1,0,0,0,0,0,0,0,0,0,0,0,0,0,0
HOSPITAL GUADALUPE CORP. S.A. DE C.V.,PRIVADO,16 TR 14 120 0006,2016-06-12,JALISCO,14,1,0,0,0,0,0,0,0,0,0,0,0,0,0,1,0,0,0,0,0
HOSPITAL PEDIATRICO LEGARIA,SERVICIOS DE SALUD DEL ESTADO,14 TR 09 016 0006,2014-11-21,CIUDAD DE MEXICO,09,1,0,0,0,0,0,0,0,0,0,0,0,0,0,0,0,0,0,0,0
HOSPITAL INFANTIL DE ESPECIALIDADES DE CHIHUAHUA,SERVICIOS DE SALUD DEL ESTADO,14 TR 08 019 0005,2014-10-23,CHIHUAHUA,08,1,0,0,0,1,1,0,0,0,0,0,0,0,0,1,0,0,0,0,0
CHRISTUS MUGUERZA HOSPITAL UPAEP,PRIVADO,15 TR 21 114 0001,2015-03-25,PUEBLA,21,1,0,0,0,1,1,0,0,0,0,0,0,0,0,1,0,0,0,0,0
CLINICA OFTALMOLOGICA VISION LASER,PRIVADO,15 TR 20 390 0001,2015-04-09,OAXACA,20,0,0,0,0,0,1,0,0,0,0,0,0,0,0,0,0,0,0,0,0
SANATORIO DE MARIA AUXILIADORA S. A. DE C. V. ,PRIVADO,14 TR 09 003 0004,2014-09-30,CIUDAD DE MEXICO,09,1,0,0,0,0,0,0,0,0,0,0,0,0,0,0,0,0,0,0,0
HOSPITAL GENERAL DE ZONA NO. 14 CON UNIDAD DE QUEMADOS,IMSS,15 TR 26 030 0001,2015-04-23,SONORA,26,1,0,0,0,0,0,0,0,0,0,0,0,0,0,0,0,0,0,0,0
OFTALMOLOGIA ESPECIALIZADA DEL SURESTE S. C. ,PRIVADO,15 TR 31 050 0001,2015-04-01,YUCATÁN,31,0,0,0,0,0,1,0,0,0,0,0,0,0,0,0,0,0,0,0,0
OCUMED CENTRO OFTALMOLOGICO,PRIVADO,15 TR 22 006 0001,2015-04-13,QUERÉTARO,22,0,0,0,0,0,1,0,0,0,0,0,0,0,0,0,0,0,0,0,0
HOSPITAL PUEBLA,PRIVADO,15 TR 21 114 0002,2015-05-18,PUEBLA,21,0,0,0,0,0,0,0,0,0,0,0,0,0,0,1,0,0,0,0,0
HOSPITAL REGIONAL DEL VALLE DEL MEZQUITAL,SERVICIOS DE SALUD DEL ESTADO,15 TR 13 030 0001,2015-05-08,HIDALGO,13,1,0,0,0,0,0,0,0,0,0,0,0,0,0,0,0,0,0,0,0
HOSPITAL GENERAL DE SILAO,SERVICIOS DE SALUD DEL ESTADO,15 TR 11 037 0001,2015-04-16,GUANAJUATO,11,1,0,0,0,0,0,0,0,0,0,0,0,0,0,0,0,0,0,0,0
HOSPITAL GENERAL REGIONAL NO. 17,IMSS,14 TR 23 005 0003,2014-10-21,QUINTANA ROO,23,1,0,0,0,0,0,0,0,0,0,0,0,0,0,0,0,0,0,0,0
STAR MEDICA INFANTIL PRIVADO,PRIVADO,16 TR 09 014 0003,2016-03-01,CIUDAD DE MEXICO,09,1,0,0,0,1,0,0,0,0,0,0,0,0,0,1,0,0,0,0,0
HOSPITAL REGIONAL DELICIAS,SERVICIOS DE SALUD DEL ESTADO,14 TR 08 021 0001,2014-10-24,CHIHUAHUA,08,1,0,0,0,0,0,0,0,0,0,0,0,0,0,0,0,0,0,0,0
"SANATORIO SAN FRANCISCO DE VERACRUZ, S. C. ",PRIVADO,15 TR 30 193 0001,2015-06-16,VERACRUZ,30,0,0,0,0,0,1,0,0,0,0,0,0,0,0,0,0,0,0,0,0
HOSPITAL GENERAL DEL ALTIPLANO,SERVICIOS DE SALUD DEL ESTADO,15 TR 13 008 0002,2015-07-20,HIDALGO,13,1,0,0,0,0,0,0,0,0,0,0,0,0,0,0,0,0,0,0,0
CENTRO PANAMERICANO DE OFTALMOLOGIA S. A. DE C. V. ,PRIVADO,15 TR 09 015 0003,2015-08-28,CIUDAD DE MEXICO,09,0,0,0,0,0,1,0,0,0,0,0,0,0,0,0,0,0,0,0,0
HOSPITAL GENERAL REGIONAL NO. 110,IMSS,15 TR 14 039 0002,2015-09-08,JALISCO,14,1,0,0,0,0,0,0,0,0,0,0,0,0,0,0,0,0,0,0,0
TOP HEALTH S.A.P.I. DE C.V. ,PRIVADO,15 TR 14 120 0002,2018-04-09,JALISCO,14,0,0,0,0,0,0,0,0,0,0,0,0,0,0,0,1,1,0,1,1
HOSPITAL GENERAL DE LIBRES,SERVICIOS DE SALUD DEL ESTADO,15 TR 21 094 0001,2015-10-12,PUEBLA,21,1,0,0,0,0,0,0,0,0,0,0,0,0,0,0,0,0,0,0,0
HOSPITAL GENERAL DE HUAUCHINANGO,SERVICIOS DE SALUD DEL ESTADO,15 TR 21 071 0001,2015-10-12,PUEBLA,21,1,0,0,0,0,0,0,0,0,0,0,0,0,0,0,0,0,0,0,0
HOSPITAL GENERAL DE CHOLULA,SERVICIOS DE SALUD DEL ESTADO,15 TR 21 119 0003,2015-10-12,PUEBLA,21,1,0,0,0,0,0,0,0,0,0,0,0,0,0,0,0,0,0,0,0
HOSPITAL GENERAL DE HUEJOTZINGO,SERVICIOS DE SALUD DEL ESTADO,15 TR 21 074 0001,2015-10-23,PUEBLA,21,1,0,0,0,0,0,0,0,0,0,0,0,0,0,0,0,0,0,0,0
HOSPITAL GENERAL DE IZÚCAR DE MATAMOROS,SERVICIOS DE SALUD DEL ESTADO,15 TR 21 085 0001,2015-10-26,PUEBLA,21,1,0,0,0,0,0,0,0,0,0,0,0,0,0,0,0,0,0,0,0
HOSPITAL GENERAL DE ACATLAN DE OSORIO,SERVICIOS DE SALUD DEL ESTADO,15 TR 21 003 0001,2015-10-26,PUEBLA,21,1,0,0,0,0,0,0,0,0,0,0,0,0,0,0,0,0,0,0,0
HOSPITAL GENERAL DE ZACATLAN,SERVICIOS DE SALUD DEL ESTADO,15 TR 21 208 0001,2015-10-19,PUEBLA,21,1,0,0,0,0,0,0,0,0,0,0,0,0,0,0,0,0,0,0,0
"STAR MEDICA, S. A. DE C. V. ",PRIVADO,15 TR 22 014 0002,2015-07-03,QUERÉTARO,22,0,0,0,0,0,0,0,0,0,0,0,0,0,0,1,0,0,0,0,0
HOSPITAL GENERAL DE ZONA CON UNIDAD DE MEDICINA FAMILIAR NO. 1 DR. ABRAHAM AZAR FARAH,IMSS,14 TR 04 002 0001,2014-07-22,CAMPECHE,04,1,0,0,0,0,0,0,0,0,0,0,0,0,0,0,0,0,0,0,0
HOSPITAL GENERAL ZONA NORTE,SERVICIOS DE SALUD DEL ESTADO,15 TR 21 114 0004,2015-10-28,PUEBLA,21,1,0,0,0,0,0,0,0,0,0,0,0,0,0,0,0,0,0,0,0
HOSPITAL GENERAL DE TEHUACAN,SERVICIOS DE SALUD DEL ESTADO,15 TR 21 156 0001,2015-10-26,PUEBLA,21,1,0,0,0,0,0,0,0,0,0,0,0,0,0,0,0,0,0,0,0
HOSPITAL GENERAL DE ZONA 197,IMSS,15 TR 15 099 0001,2015-10-12,MÉXICO,15,1,0,0,0,0,0,0,0,0,0,0,0,0,0,0,0,0,0,0,0
HOSPITAL GENERAL DE TEZIUTLAN,SERVICIOS DE SALUD DEL ESTADO,15 TR 21 174 0001,2015-10-26,PUEBLA,21,1,0,0,0,0,0,0,0,0,0,0,0,0,0,0,0,0,0,0,0
HOSPITAL GENERAL DE TEPEACA,SERVICIOS DE SALUD DEL ESTADO,16 TR 21 164 0001,2016-03-11,PUEBLA,21,0,0,0,0,0,1,0,0,0,0,0,0,0,0,0,0,0,0,0,0
HOSPITAL GENERAL DE ESPECIALIDADES DR. JAVIER BUENFIL OSORIO,SERVICIOS DE SALUD DEL ESTADO,16 TR 04 002 0001,2016-03-07,CAMPECHE,04,1,0,0,0,0,1,0,0,0,0,0,0,0,0,1,0,0,0,0,0
BANCO DE CORNEAS DE YUCATAN,SERVICIOS DE SALUD DEL ESTADO,16 TR 31 050 0002,2016-02-26,YUCATÁN,31,0,0,0,0,0,0,0,0,0,0,0,0,0,0,0,0,0,1,0,0
HOSPITAL GENERAL REGIONAL NO. 180,IMSS,16 TR 14 097 0001,2016-02-15,JALISCO,14,1,0,0,0,0,0,0,0,0,0,0,0,0,0,0,0,0,0,0,0
UNIDAD MEDICA DE ALTA ESPECIALIDAD HOSPITAL DE TRAUMATOLOGIA Y ORTOPEDIA C.M.N.M.A.C.,IMSS,16 TR 21 114 0007,2016-04-19,PUEBLA,21,1,0,0,0,0,0,0,0,0,0,0,0,0,0,0,0,0,0,0,0
OFTALMICA ARRAZOLA,PRIVADO,16 TR 07 101 0001,2016-04-27,CHIAPAS,07,0,0,0,0,0,1,0,0,0,0,0,0,0,0,0,0,0,0,0,0
OFTALMOLOGIA AVANZADA DEL SURESTE S.C.P.,PRIVADO,16 TR 31 050 0003,2016-06-08,YUCATÁN,31,0,0,0,0,0,1,0,0,0,0,0,0,0,0,0,0,0,0,0,0
HOSPITAL GENERAL DEL ISSSTE TLAXCALA,ISSSTE,16 TR 29 033 0001,2016-06-02,TLAXCALA,29,1,0,0,0,0,0,0,0,0,0,0,0,0,0,1,0,0,0,0,0
HOSPITAL GENERAL REGIONAL C/MF NO. 1,IMSS,16 TR 17 007 0003,2016-06-01,MORELOS,17,1,0,0,0,0,0,0,0,0,0,0,0,0,0,0,0,0,0,0,0
HOSPITAL STAR MÉDICA VERACRUZ,PRIVADO,16 TR 30 193 0003,2016-07-13,VERACRUZ,30,1,0,0,0,0,0,0,0,0,0,0,0,0,0,1,0,0,0,0,0
DR. JULIAN A. MANZUR OCAÑA,SERVICIOS DE SALUD DEL ESTADO,16 TR 27 004 0003,2016-09-02,TABASCO,27,1,0,0,0,0,1,0,0,0,0,0,0,0,0,0,0,0,0,0,0
CHRISTUS MUGUERZA HOSPITAL VIDRIERA,PRIVADO,16 TR 19 039 0006,2016-09-08,NUEVO LEÓN,19,1,0,0,0,0,0,0,0,0,0,0,0,0,0,1,0,0,0,0,0
HOSPITAL GENERAL DE ZONA NO. 17,IMSS,16 TR 19 039 0005,2016-07-19,NUEVO LEÓN,19,1,0,0,0,0,0,0,0,0,0,0,0,0,0,0,0,0,0,0,0
CENTRO ESPECIALIZADO DE ATENCIÓN A PERSONAS CON DISCAPACIDAD VISUAL,SERVICIOS DE SALUD DEL ESTADO,16 TR 15 057 0004,2016-10-14,MÉXICO,15,0,0,0,0,0,1,0,0,0,0,0,0,0,0,0,0,0,0,0,0
"SANATORIO GUADALUPANO DE CELAYA, S.A. DE C. V. ",PRIVADO,16 TR 11 007 0001,2016-11-14,GUANAJUATO,11,1,0,0,0,0,0,0,0,0,0,0,0,0,0,1,0,0,0,0,0
DIAGNOSTICO INTEGRAL Y MEDICINA MODERNA S.A DE C.V.,PRIVADO,16 TR 11 020 0003,2016-11-07,GUANAJUATO,11,1,0,0,0,0,0,0,0,0,0,0,0,0,0,1,0,0,0,0,0
"STAR MEDICA, S. A. DE C. V. (HOSPITAL SAN LUIS POTOSI)",PRIVADO,16 TR 24 028 0001,2016-12-14,SAN LUIS POTOSÍ,24,1,0,0,0,0,0,0,0,0,0,0,0,0,0,1,0,0,0,0,0
HOSPITAL REGIONAL DE ALTA ESPECIALIDAD BICENTENARIO DE LA INDEPENDENCIA,ISSSTE,17 TR 15 109 0001,2017-02-20,MÉXICO,15,1,0,0,0,1,1,0,0,0,0,0,0,0,0,1,0,0,0,0,0
"HOSPITAL REGIONAL CENTENARIO DE LA REVOLUCION MEXICANA, EMILIANO ZAPATA. (ALTA ESPECIALIDAD)ISSSTE",ISSSTE,17 TR 17 008 0001,2017-04-06,MORELOS,17,1,0,0,0,0,0,0,0,0,0,0,0,0,0,0,0,0,0,0,0
CLINICA DE OJOS CIELO VISTA S.A. DE C.V.,PRIVADO,17 TR 32 020  0001,2017-01-09,ZACATECAS,32,0,0,0,0,0,1,0,0,0,0,0,0,0,0,0,0,0,0,0,0
FUNDACION DE ASISTENCIA PRIVADA CONDE DE VALENCIANA I.A.P ,PRIVADO,17 TR 09 004 0001,2017-03-22,CIUDAD DE MEXICO,09,0,1,0,0,0,1,0,0,0,0,0,0,0,0,0,0,0,0,0,0
HOSPITAL GENERAL DE ZONA NO. 57,IMSS,17 TR 15 121 0001,2017-04-27,MÉXICO,15,1,0,0,0,0,0,0,0,0,0,0,0,0,0,0,0,0,0,0,0
HOSPITAL GENERAL DR. DARIO FERNANDEZ FIERRO,ISSSTE,17 TR 09 014 0001,2017-03-30,CIUDAD DE MEXICO,09,1,0,0,0,0,0,0,0,0,0,0,0,0,0,0,0,0,0,0,0
INSTITUTO ESTATAL DE OFTALMOLOGIA,PRIVADO,17 TR 12 001 0001,2017-05-30,GUERRERO,12,0,0,0,0,0,1,0,0,0,0,0,0,0,0,0,0,0,0,0,0
HOSPITAL GENERAL DE ZONA 47,IMSS,17 TR 09 007 0001,,CIUDAD DE MEXICO,09,1,0,0,0,0,0,0,0,0,0,0,0,0,0,0,0,0,0,0,0
"HOSPITAL SAN JOSE DE CELAYA, S.A. DE C.V.",PRIVADO,17 TR 11 007 0001-0002,2017-05-12,GUANAJUATO,11,1,0,0,0,0,0,0,0,0,0,0,0,0,0,1,0,0,0,0,0
HOSPITAL REGIONAL DE MORELIA,ISSSTE,17 TR 16 053 0001-0002,2017-06-08,MICHOACÁN,16,1,0,0,0,0,0,0,0,0,0,0,0,0,0,1,0,0,0,0,0
HOSPITAL GENERAL DE SOLEDAD,SERVICIOS DE SALUD DEL ESTADO,17 TR 24 028 0001,2017-09-11,SAN LUIS POTOSÍ,24,0,0,0,0,0,1,0,0,0,0,0,0,0,0,1,0,0,0,0,0
HOSPITAL DEL ESPIRITU SANTO LIZCRE S.A DE C. V ,PRIVADO,17 TR 15 054 0003,2017-08-08,MÉXICO,15,0,0,0,0,0,1,0,1,0,0,0,0,1,0,1,1,0,0,0,0
CLÍNICA DE MÉDICINA DEPORTIVA S. A. DE C. V.,PRIVADO,17 TR 13 052 0001,2017-08-29,HIDALGO,13,0,0,0,0,0,0,0,1,0,0,0,0,0,0,1,0,0,0,0,0
"OPERADORA DE HOSPITALES ANGELES, S.A. DE C.V.",PRIVADO(OHA),17 TR 16 053 0003/0004,2017-11-14,MICHOACÁN,16,1,0,0,0,0,0,0,0,0,0,0,0,0,0,1,0,0,0,0,0
"HOSPITAL GENERAL DE ZONA 20 ""LA MARGARITA"" PUEBLA",IMSS,17 TR 21 114 0004,2017-12-28,PUEBLA,21,1,0,0,0,0,0,0,0,0,0,0,0,0,0,0,0,0,0,0,0
"HOSPITAL DE ESPECIALIDADES PUERTA DE HIERRO TEPIC, S.A. DE C.V.",PRIVADO,18 TR 18 017 0001,2018-01-16,NAYARIT,18,0,0,0,0,0,0,0,0,0,0,0,0,0,0,1,0,0,0,0,0
HOSPITAL Y SERVICIOS MEDICOS DE TULANCINGO S.A DE C.V.,PRIVADO,18 TR 13 077 0002 / 18,2018-02-08,HIDALGO,13,1,0,0,0,0,1,0,0,0,0,0,0,0,0,1,0,0,0,0,0
HOSPITAL GENERAL DE ZONA CON MEDICINA FAMILIAR NO. 21,IMSS,18 TR 11 020 0001,2018-02-19,GUANAJUATO,11,1,0,0,0,0,0,0,0,0,0,0,0,0,0,0,0,0,0,0,0
HOSPITAL GENERAL DE ZONA Y MEDICINA FAMILIAR NO. 2,IMSS,18 TR 11 017 0002,2018-02-19,GUANAJUATO,11,1,0,0,0,0,0,0,0,0,0,0,0,0,0,0,0,0,0,0,0
"HOSPITAL DE ESPECIALIDADES PUERTA DE HIERRO COLIMA, S.A. DE C.V. ",PRIVADO,18 TR 06 002 0001,2018-03-21,COLIMA,06,0,0,0,0,0,0,0,0,0,0,0,0,0,0,1,0,0,0,0,0
